,,SKT0,SKT0,SKT0,SKT0,SKT0,SKT0,SKT0,SKT0,SKT0,SKT0,SKT0,SKT0,SKT0,SKT0,SKT0,SKT0,SKT0,SKT0,SKT0,SKT0,SKT0,SKT0,SKT0,SKT0,SKT0,SKT0,SKT0,SKT0,SKT0,SKT0,SKT0,SKT0,SKT0,SKT0,SKT0,SKT0,SKT0,SKT1,SKT1,SKT1,SKT1,SKT1,SKT1,SKT1,SKT1,SKT1,SKT1,SKT1,SKT1,SKT1,SKT1,SKT1,SKT1,SKT1,SKT1,SKT1,SKT1,SKT1,SKT1,SKT1,SKT1,SKT1,SKT1,SKT1,SKT1,SKT1,SKT1,SKT1,SKT1,SKT1,SKT1,SKT1,SKT1,SKT1,SKT1,SKT1,System,System,System,System,System,System,System,System
Date,Time,Ch0Read,Ch0Write,Ch0PMM_Read,Ch0PMM_Write,Ch1Read,Ch1Write,Ch1PMM_Read,Ch1PMM_Write,Ch2Read,Ch2Write,Ch2PMM_Read,Ch2PMM_Write,Ch3Read,Ch3Write,Ch3PMM_Read,Ch3PMM_Write,Ch4Read,Ch4Write,Ch4PMM_Read,Ch4PMM_Write,Ch5Read,Ch5Write,Ch5PMM_Read,Ch5PMM_Write,Ch6Read,Ch6Write,Ch6PMM_Read,Ch6PMM_Write,Ch7Read,Ch7Write,Ch7PMM_Read,Ch7PMM_Write,Mem Read (MB/s),Mem Write (MB/s),PMM_Read (MB/s), PMM_Write (MB/s),Memory (MB/s),Ch0Read,Ch0Write,Ch0PMM_Read,Ch0PMM_Write,Ch1Read,Ch1Write,Ch1PMM_Read,Ch1PMM_Write,Ch2Read,Ch2Write,Ch2PMM_Read,Ch2PMM_Write,Ch3Read,Ch3Write,Ch3PMM_Read,Ch3PMM_Write,Ch4Read,Ch4Write,Ch4PMM_Read,Ch4PMM_Write,Ch5Read,Ch5Write,Ch5PMM_Read,Ch5PMM_Write,Ch6Read,Ch6Write,Ch6PMM_Read,Ch6PMM_Write,Ch7Read,Ch7Write,Ch7PMM_Read,Ch7PMM_Write,Mem Read (MB/s),Mem Write (MB/s),PMM_Read (MB/s), PMM_Write (MB/s),Memory (MB/s),CXL.mem_P0Write,CXL.cache_P0hst->dv,DRAMRead,DRAMWrite,PMMREAD,PMMWrite,CXLRead,Read,Write,Memory
2026-01-14,17:53:46.506,   44.61,   21.72,    0.00,    0.00,,,,,   43.70,   21.04,    0.00,    0.00,,,,,   43.56,   20.83,    0.00,    0.00,,,,,   44.53,   21.67,    0.00,    0.00,,,,,  176.40,   85.26,    0.00,    0.00,  261.66,   18.51,   14.81,    0.00,    0.00,,,,,   18.45,   14.79,    0.00,    0.00,,,,,   18.35,   14.67,    0.00,    0.00,,,,,   18.50,   14.79,    0.00,    0.00,,,,,   73.81,   59.07,    0.00,    0.00,  132.87,    0.26,    0.00,    250.21,    144.33,      0.00,      0.00,      2.56,    250.21,    144.33,    394.54
2026-01-14,17:53:47.506,   46.90,   20.74,    0.00,    0.00,,,,,   46.13,   20.10,    0.00,    0.00,,,,,   46.03,   19.95,    0.00,    0.00,,,,,   46.84,   20.67,    0.00,    0.00,,,,,  185.91,   81.46,    0.00,    0.00,  267.37,   16.85,   13.52,    0.00,    0.00,,,,,   16.82,   13.51,    0.00,    0.00,,,,,   16.62,   13.32,    0.00,    0.00,,,,,   16.78,   13.45,    0.00,    0.00,,,,,   67.07,   53.80,    0.00,    0.00,  120.88,    0.10,    0.00,    252.98,    135.26,      0.00,      0.00,      2.59,    252.98,    135.26,    388.25
2026-01-14,17:53:48.506,  111.41,   59.49,    0.00,    0.00,,,,,  111.03,   59.28,    0.00,    0.00,,,,,  109.20,   57.74,    0.00,    0.00,,,,,  112.36,   60.41,    0.00,    0.00,,,,,  444.00,  236.91,    0.00,    0.00,  680.91,   33.00,   20.58,    0.00,    0.00,,,,,   32.97,   20.45,    0.00,    0.00,,,,,   34.17,   21.74,    0.00,    0.00,,,,,   32.26,   19.89,    0.00,    0.00,,,,,  132.40,   82.66,    0.00,    0.00,  215.07,    0.17,    0.00,    576.41,    319.57,      0.00,      0.00,      2.17,    576.41,    319.57,    895.98
2026-01-14,17:53:49.506,  108.12,   66.21,    0.00,    0.00,,,,,  107.42,   65.04,    0.00,    0.00,,,,,  103.40,   61.76,    0.00,    0.00,,,,,  111.94,   70.04,    0.00,    0.00,,,,,  430.88,  263.05,    0.00,    0.00,  693.93,   45.98,   29.32,    0.00,    0.00,,,,,   50.66,   33.38,    0.00,    0.00,,,,,   53.85,   36.70,    0.00,    0.00,,,,,   46.27,   29.31,    0.00,    0.00,,,,,  196.76,  128.72,    0.00,    0.00,  325.48,    0.13,    0.00,    627.64,    391.77,      0.00,      0.00,      2.16,    627.64,    391.77,   1019.41
2026-01-14,17:53:50.507,   75.33,   50.92,    0.00,    0.00,,,,,   73.04,   48.87,    0.00,    0.00,,,,,   69.17,   45.69,    0.00,    0.00,,,,,   78.80,   54.68,    0.00,    0.00,,,,,  296.34,  200.16,    0.00,    0.00,  496.50,   46.87,   32.31,    0.00,    0.00,,,,,   45.56,   30.19,    0.00,    0.00,,,,,   52.55,   37.40,    0.00,    0.00,,,,,   44.51,   29.93,    0.00,    0.00,,,,,  189.48,  129.83,    0.00,    0.00,  319.30,    0.10,    0.00,    485.82,    329.98,      0.00,      0.00,      1.96,    485.82,    329.98,    815.80
2026-01-14,17:53:51.506,   75.51,   50.46,    0.00,    0.00,,,,,   73.29,   48.59,    0.00,    0.00,,,,,   69.39,   45.41,    0.00,    0.00,,,,,   79.41,   54.73,    0.00,    0.00,,,,,  297.60,  199.19,    0.00,    0.00,  496.78,   50.32,   33.73,    0.00,    0.00,,,,,   52.37,   35.08,    0.00,    0.00,,,,,   57.09,   40.07,    0.00,    0.00,,,,,   49.32,   32.49,    0.00,    0.00,,,,,  209.10,  141.37,    0.00,    0.00,  350.47,    0.15,    0.00,    506.70,    340.55,      0.00,      0.00,      2.28,    506.70,    340.55,    847.25
2026-01-14,17:53:52.506,   67.21,   47.78,    0.00,    0.00,,,,,   64.21,   45.02,    0.00,    0.00,,,,,   60.86,   42.23,    0.00,    0.00,,,,,   71.64,   52.42,    0.00,    0.00,,,,,  263.92,  187.44,    0.00,    0.00,  451.36,   44.22,   30.15,    0.00,    0.00,,,,,   50.24,   35.54,    0.00,    0.00,,,,,   52.76,   38.21,    0.00,    0.00,,,,,   45.89,   31.18,    0.00,    0.00,,,,,  193.10,  135.08,    0.00,    0.00,  328.18,    6.19,    0.00,    457.02,    322.52,      0.00,      0.00,     33.48,    457.02,    322.52,    779.54
2026-01-14,17:53:53.506,   76.60,   51.48,    0.00,    0.00,,,,,   72.70,   48.11,    0.00,    0.00,,,,,   69.49,   45.38,    0.00,    0.00,,,,,   80.43,   55.57,    0.00,    0.00,,,,,  299.22,  200.55,    0.00,    0.00,  499.77,   45.95,   28.43,    0.00,    0.00,,,,,   52.02,   33.99,    0.00,    0.00,,,,,   54.78,   36.86,    0.00,    0.00,,,,,   47.40,   29.40,    0.00,    0.00,,,,,  200.15,  128.67,    0.00,    0.00,  328.82,   10.61,    0.00,    499.37,    329.21,      0.00,      0.00,      3.28,    499.37,    329.21,    828.59
2026-01-14,17:53:54.506,   79.03,   52.95,    0.00,    0.00,,,,,   74.38,   48.71,    0.00,    0.00,,,,,   72.35,   47.14,    0.00,    0.00,,,,,   82.59,   56.83,    0.00,    0.00,,,,,  308.35,  205.63,    0.00,    0.00,  513.98,   42.60,   27.66,    0.00,    0.00,,,,,   49.60,   33.79,    0.00,    0.00,,,,,   52.54,   36.98,    0.00,    0.00,,,,,   44.27,   28.79,    0.00,    0.00,,,,,  189.02,  127.21,    0.00,    0.00,  316.23,    2.26,    0.00,    497.37,    332.84,      0.00,      0.00,      2.73,    497.37,    332.84,    830.22
2026-01-14,17:53:55.507,   71.54,   47.96,    0.00,    0.00,,,,,   72.80,   48.89,    0.00,    0.00,,,,,   68.88,   45.52,    0.00,    0.00,,,,,   76.26,   52.90,    0.00,    0.00,,,,,  289.48,  195.27,    0.00,    0.00,  484.75,   47.78,   29.56,    0.00,    0.00,,,,,   54.94,   35.86,    0.00,    0.00,,,,,   57.49,   38.53,    0.00,    0.00,,,,,   49.32,   30.44,    0.00,    0.00,,,,,  209.54,  134.39,    0.00,    0.00,  343.93,    0.74,    0.00,    499.02,    329.66,      0.00,      0.00,      1.96,    499.02,    329.66,    828.68
2026-01-14,17:53:56.507,   63.05,   45.45,    0.00,    0.00,,,,,   64.81,   46.81,    0.00,    0.00,,,,,   60.62,   43.44,    0.00,    0.00,,,,,   67.36,   49.98,    0.00,    0.00,,,,,  255.84,  185.68,    0.00,    0.00,  441.52,   42.62,   27.64,    0.00,    0.00,,,,,   48.42,   32.90,    0.00,    0.00,,,,,   51.50,   35.98,    0.00,    0.00,,,,,   42.99,   27.67,    0.00,    0.00,,,,,  185.53,  124.20,    0.00,    0.00,  309.73,    0.18,    0.00,    441.37,    309.88,      0.00,      0.00,      2.06,    441.37,    309.88,    751.25
2026-01-14,17:53:57.508,   85.01,   51.29,    0.00,    0.00,,,,,   87.66,   53.06,    0.00,    0.00,,,,,   82.94,   49.31,    0.00,    0.00,,,,,   88.88,   55.41,    0.00,    0.00,,,,,  344.49,  209.07,    0.00,    0.00,  553.56,   42.28,   27.70,    0.00,    0.00,,,,,   47.83,   32.83,    0.00,    0.00,,,,,   50.68,   35.79,    0.00,    0.00,,,,,   43.48,   28.39,    0.00,    0.00,,,,,  184.27,  124.71,    0.00,    0.00,  308.98,    0.15,    0.00,    528.76,    333.78,      0.00,      0.00,      2.08,    528.76,    333.78,    862.54
2026-01-14,17:53:58.508,   93.26,   52.78,    0.00,    0.00,,,,,   93.92,   53.18,    0.00,    0.00,,,,,   91.19,   51.09,    0.00,    0.00,,,,,   96.05,   55.71,    0.00,    0.00,,,,,  374.41,  212.76,    0.00,    0.00,  587.18,   38.10,   23.46,    0.00,    0.00,,,,,   41.58,   26.72,    0.00,    0.00,,,,,   43.40,   28.53,    0.00,    0.00,,,,,   38.83,   23.94,    0.00,    0.00,,,,,  161.90,  102.64,    0.00,    0.00,  264.54,    0.17,    0.00,    536.32,    315.40,      0.00,      0.00,      2.32,    536.32,    315.40,    851.72
2026-01-14,17:53:59.508,   45.05,   21.78,    0.00,    0.00,,,,,   44.29,   21.22,    0.00,    0.00,,,,,   44.26,   21.11,    0.00,    0.00,,,,,   45.12,   21.86,    0.00,    0.00,,,,,  178.73,   85.98,    0.00,    0.00,  264.71,   16.79,   13.36,    0.00,    0.00,,,,,   17.01,   13.60,    0.00,    0.00,,,,,   16.84,   13.41,    0.00,    0.00,,,,,   16.86,   13.44,    0.00,    0.00,,,,,   67.50,   53.81,    0.00,    0.00,  121.31,    0.10,    0.00,    246.23,    139.79,      0.00,      0.00,      1.80,    246.23,    139.79,    386.02
2026-01-14,17:54:00.508,   30.21,   15.29,    0.00,    0.00,,,,,   29.39,   14.80,    0.00,    0.00,,,,,   29.29,   14.68,    0.00,    0.00,,,,,   30.28,   15.33,    0.00,    0.00,,,,,  119.16,   60.10,    0.00,    0.00,  179.26,   20.42,   13.57,    0.00,    0.00,,,,,   20.32,   13.59,    0.00,    0.00,,,,,   20.27,   13.47,    0.00,    0.00,,,,,   20.43,   13.60,    0.00,    0.00,,,,,   81.45,   54.23,    0.00,    0.00,  135.68,    0.09,    0.00,    200.61,    114.33,      0.00,      0.00,      2.42,    200.61,    114.33,    314.95
2026-01-14,17:54:01.509,   40.85,   19.93,    0.00,    0.00,,,,,   40.17,   19.40,    0.00,    0.00,,,,,   40.06,   19.27,    0.00,    0.00,,,,,   40.93,   19.95,    0.00,    0.00,,,,,  162.02,   78.54,    0.00,    0.00,  240.56,   20.33,   13.73,    0.00,    0.00,,,,,   20.34,   13.81,    0.00,    0.00,,,,,   20.29,   13.72,    0.00,    0.00,,,,,   20.36,   13.77,    0.00,    0.00,,,,,   81.31,   55.03,    0.00,    0.00,  136.34,    0.09,    0.00,    243.33,    133.57,      0.00,      0.00,      2.43,    243.33,    133.57,    376.90
2026-01-14,17:54:02.510,   27.37,   15.00,    0.00,    0.00,,,,,   26.64,   14.48,    0.00,    0.00,,,,,   26.51,   14.32,    0.00,    0.00,,,,,   27.40,   15.00,    0.00,    0.00,,,,,  107.93,   58.79,    0.00,    0.00,  166.72,   15.78,   13.80,    0.00,    0.00,,,,,   15.61,   13.67,    0.00,    0.00,,,,,   15.54,   13.60,    0.00,    0.00,,,,,   15.76,   13.81,    0.00,    0.00,,,,,   62.69,   54.88,    0.00,    0.00,  117.57,    3.76,    0.00,    170.62,    113.68,      0.00,      0.00,     33.24,    170.62,    113.68,    284.30
2026-01-14,17:54:03.509,  107.75,   56.84,    0.00,    0.00,,,,,  106.56,   55.84,    0.00,    0.00,,,,,  105.57,   54.96,    0.00,    0.00,,,,,  108.03,   57.09,    0.00,    0.00,,,,,  427.92,  224.73,    0.00,    0.00,  652.65,   30.45,   17.30,    0.00,    0.00,,,,,   31.16,   18.11,    0.00,    0.00,,,,,   31.33,   18.34,    0.00,    0.00,,,,,   30.42,   17.21,    0.00,    0.00,,,,,  123.37,   70.95,    0.00,    0.00,  194.32,    9.71,    0.00,    551.29,    295.68,      0.00,      0.00,      2.92,    551.29,    295.68,    846.97
2026-01-14,17:54:04.509,  173.57,  121.08,    0.00,    0.00,,,,,  166.20,  113.26,    0.00,    0.00,,,,,  161.38,  110.12,    0.00,    0.00,,,,,  179.76,  127.34,    0.00,    0.00,,,,,  680.92,  471.79,    0.00,    0.00, 1152.71,   67.84,   40.66,    0.00,    0.00,,,,,   76.03,   48.37,    0.00,    0.00,,,,,   81.68,   54.38,    0.00,    0.00,,,,,   68.60,   40.99,    0.00,    0.00,,,,,  294.14,  184.40,    0.00,    0.00,  478.54,    5.56,    0.00,    975.06,    656.19,      0.00,      0.00,      2.31,    975.06,    656.19,   1631.25
2026-01-14,17:54:05.509,  118.56,   85.72,    0.00,    0.00,,,,,  113.88,   80.24,    0.00,    0.00,,,,,  108.22,   75.99,    0.00,    0.00,,,,,  124.56,   91.82,    0.00,    0.00,,,,,  465.21,  333.77,    0.00,    0.00,  798.99,   67.04,   40.34,    0.00,    0.00,,,,,   74.67,   47.64,    0.00,    0.00,,,,,   80.12,   53.31,    0.00,    0.00,,,,,   67.80,   40.58,    0.00,    0.00,,,,,  289.63,  181.87,    0.00,    0.00,  471.51,    0.56,    0.00,    754.85,    515.65,      0.00,      0.00,      2.13,    754.85,    515.65,   1270.49
2026-01-14,17:54:06.509,   97.34,   76.32,    0.00,    0.00,,,,,   91.41,   69.68,    0.00,    0.00,,,,,   86.58,   66.26,    0.00,    0.00,,,,,  103.64,   82.76,    0.00,    0.00,,,,,  378.97,  295.02,    0.00,    0.00,  673.99,   60.41,   38.80,    0.00,    0.00,,,,,   68.36,   46.32,    0.00,    0.00,,,,,   74.40,   52.61,    0.00,    0.00,,,,,   61.20,   39.06,    0.00,    0.00,,,,,  264.37,  176.78,    0.00,    0.00,  441.15,    0.12,    0.00,    643.34,    471.80,      0.00,      0.00,      1.93,    643.34,    471.80,   1115.14
2026-01-14,17:54:07.509,  111.26,   84.25,    0.00,    0.00,,,,,   99.37,   72.53,    0.00,    0.00,,,,,   97.12,   71.55,    0.00,    0.00,,,,,  116.67,   89.77,    0.00,    0.00,,,,,  424.41,  318.11,    0.00,    0.00,  742.52,   63.45,   39.59,    0.00,    0.00,,,,,   71.77,   47.58,    0.00,    0.00,,,,,   77.41,   53.53,    0.00,    0.00,,,,,   64.36,   39.83,    0.00,    0.00,,,,,  277.00,  180.53,    0.00,    0.00,  457.52,    0.13,    0.00,    701.40,    498.64,      0.00,      0.00,      2.25,    701.40,    498.64,   1200.04
2026-01-14,17:54:08.509,  127.54,   88.59,    0.00,    0.00,,,,,  122.35,   83.23,    0.00,    0.00,,,,,  117.41,   79.71,    0.00,    0.00,,,,,  134.10,   95.50,    0.00,    0.00,,,,,  501.40,  347.02,    0.00,    0.00,  848.43,   84.71,   47.72,    0.00,    0.00,,,,,   95.40,   57.38,    0.00,    0.00,,,,,   99.06,   61.50,    0.00,    0.00,,,,,   84.95,   47.28,    0.00,    0.00,,,,,  364.11,  213.89,    0.00,    0.00,  577.99,    0.45,    0.00,    865.51,    560.91,      0.00,      0.00,      4.21,    865.51,    560.91,   1426.42
2026-01-14,17:54:09.510,  130.39,   92.39,    0.00,    0.00,,,,,  118.81,   81.29,    0.00,    0.00,,,,,  115.51,   79.22,    0.00,    0.00,,,,,  134.93,   97.19,    0.00,    0.00,,,,,  499.64,  350.10,    0.00,    0.00,  849.74,   65.13,   40.13,    0.00,    0.00,,,,,   75.37,   49.33,    0.00,    0.00,,,,,   79.71,   54.05,    0.00,    0.00,,,,,   65.06,   39.30,    0.00,    0.00,,,,,  285.28,  182.82,    0.00,    0.00,  468.10,    0.23,    0.00,    784.92,    532.92,      0.00,      0.00,      2.89,    784.92,    532.92,   1317.84
2026-01-14,17:54:10.511,  105.00,   82.15,    0.00,    0.00,,,,,   92.97,   70.49,    0.00,    0.00,,,,,   90.51,   69.19,    0.00,    0.00,,,,,  109.69,   87.21,    0.00,    0.00,,,,,  398.17,  309.04,    0.00,    0.00,  707.21,   63.90,   39.25,    0.00,    0.00,,,,,   72.86,   47.14,    0.00,    0.00,,,,,   78.40,   53.01,    0.00,    0.00,,,,,   64.13,   38.66,    0.00,    0.00,,,,,  279.30,  178.06,    0.00,    0.00,  457.36,    0.14,    0.00,    677.47,    487.10,      0.00,      0.00,      2.72,    677.47,    487.10,   1164.57
2026-01-14,17:54:11.511,  109.86,   81.82,    0.00,    0.00,,,,,  107.51,   79.03,    0.00,    0.00,,,,,  101.65,   74.32,    0.00,    0.00,,,,,  116.56,   89.11,    0.00,    0.00,,,,,  435.59,  324.28,    0.00,    0.00,  759.87,   68.47,   43.59,    0.00,    0.00,,,,,   68.15,   42.37,    0.00,    0.00,,,,,   77.09,   51.37,    0.00,    0.00,,,,,   65.68,   39.89,    0.00,    0.00,,,,,  279.38,  177.22,    0.00,    0.00,  456.60,    0.15,    0.00,    714.97,    501.50,      0.00,      0.00,      2.04,    714.97,    501.50,   1216.47
2026-01-14,17:54:12.511,   95.80,   76.22,    0.00,    0.00,,,,,   95.32,   75.08,    0.00,    0.00,,,,,   89.17,   70.18,    0.00,    0.00,,,,,  103.16,   84.19,    0.00,    0.00,,,,,  383.45,  305.67,    0.00,    0.00,  689.12,   65.13,   42.36,    0.00,    0.00,,,,,   63.80,   40.48,    0.00,    0.00,,,,,   72.63,   49.44,    0.00,    0.00,,,,,   62.56,   38.97,    0.00,    0.00,,,,,  264.12,  171.25,    0.00,    0.00,  435.37,    0.09,    0.00,    647.57,    476.92,      0.00,      0.00,      1.97,    647.57,    476.92,   1124.49
2026-01-14,17:54:13.511,  114.21,   79.93,    0.00,    0.00,,,,,  114.59,   79.91,    0.00,    0.00,,,,,  109.18,   75.57,    0.00,    0.00,,,,,  120.92,   87.10,    0.00,    0.00,,,,,  458.90,  322.51,    0.00,    0.00,  781.41,   63.86,   38.85,    0.00,    0.00,,,,,   64.63,   39.01,    0.00,    0.00,,,,,   71.66,   46.26,    0.00,    0.00,,,,,   62.56,   36.80,    0.00,    0.00,,,,,  262.70,  160.92,    0.00,    0.00,  423.62,   17.14,    0.00,    721.60,    483.43,      0.00,      0.00,     40.57,    721.60,    483.43,   1205.03
2026-01-14,17:54:14.512,   39.48,   18.71,    0.00,    0.00,,,,,   38.79,   18.21,    0.00,    0.00,,,,,   38.75,   18.07,    0.00,    0.00,,,,,   39.47,   18.74,    0.00,    0.00,,,,,  156.49,   73.73,    0.00,    0.00,  230.22,   16.33,   13.11,    0.00,    0.00,,,,,   16.43,   13.24,    0.00,    0.00,,,,,   16.45,   13.21,    0.00,    0.00,,,,,   16.36,   13.15,    0.00,    0.00,,,,,   65.58,   52.71,    0.00,    0.00,  118.29,    1.85,    0.00,    222.07,    126.44,      0.00,      0.00,      1.84,    222.07,    126.44,    348.51
2026-01-14,17:54:15.512,   49.37,   20.54,    0.00,    0.00,,,,,   48.63,   20.05,    0.00,    0.00,,,,,   48.54,   19.90,    0.00,    0.00,,,,,   49.41,   20.57,    0.00,    0.00,,,,,  195.95,   81.06,    0.00,    0.00,  277.01,   22.96,   14.41,    0.00,    0.00,,,,,   23.06,   14.56,    0.00,    0.00,,,,,   23.06,   14.51,    0.00,    0.00,,,,,   22.94,   14.42,    0.00,    0.00,,,,,   92.02,   57.91,    0.00,    0.00,  149.93,    1.18,    0.00,    287.96,    138.98,      0.00,      0.00,      2.45,    287.96,    138.98,    426.94
2026-01-14,17:54:16.512,   23.64,   14.05,    0.00,    0.00,,,,,   22.87,   13.58,    0.00,    0.00,,,,,   22.71,   13.38,    0.00,    0.00,,,,,   23.68,   14.07,    0.00,    0.00,,,,,   92.91,   55.08,    0.00,    0.00,  147.99,   13.88,   11.87,    0.00,    0.00,,,,,   13.95,   11.98,    0.00,    0.00,,,,,   13.90,   11.89,    0.00,    0.00,,,,,   13.84,   11.83,    0.00,    0.00,,,,,   55.56,   47.57,    0.00,    0.00,  103.13,    0.07,    0.00,    148.47,    102.65,      0.00,      0.00,      2.42,    148.47,    102.65,    251.12
2026-01-14,17:54:17.512,   59.41,   21.26,    0.00,    0.00,,,,,   58.68,   20.66,    0.00,    0.00,,,,,   58.60,   20.57,    0.00,    0.00,,,,,   59.46,   21.22,    0.00,    0.00,,,,,  236.15,   83.70,    0.00,    0.00,  319.85,   15.17,   12.43,    0.00,    0.00,,,,,   15.14,   12.45,    0.00,    0.00,,,,,   15.09,   12.40,    0.00,    0.00,,,,,   15.17,   12.44,    0.00,    0.00,,,,,   60.57,   49.72,    0.00,    0.00,  110.29,    0.12,    0.00,    296.72,    133.43,      0.00,      0.00,      2.48,    296.72,    133.43,    430.15
2026-01-14,17:54:18.512,  351.44,   29.84,    0.00,    0.00,,,,,  350.47,   29.09,    0.00,    0.00,,,,,  350.34,   28.93,    0.00,    0.00,,,,,  351.52,   29.75,    0.00,    0.00,,,,, 1403.78,  117.62,    0.00,    0.00, 1521.40,   28.10,   15.20,    0.00,    0.00,,,,,   28.22,   15.35,    0.00,    0.00,,,,,   28.03,   15.18,    0.00,    0.00,,,,,   27.96,   15.11,    0.00,    0.00,,,,,  112.30,   60.84,    0.00,    0.00,  173.15,    0.16,    0.00,   1516.08,    178.46,      0.00,      0.00,      2.46,   1516.08,    178.46,   1694.54
2026-01-14,17:54:19.512,  373.58,  173.09,    0.00,    0.00,,,,,  366.63,  165.30,    0.00,    0.00,,,,,  358.06,  157.44,    0.00,    0.00,,,,,  376.78,  175.71,    0.00,    0.00,,,,, 1475.06,  671.54,    0.00,    0.00, 2146.59,   84.28,   50.12,    0.00,    0.00,,,,,   91.63,   57.19,    0.00,    0.00,,,,,   97.20,   63.09,    0.00,    0.00,,,,,   83.77,   48.94,    0.00,    0.00,,,,,  356.88,  219.33,    0.00,    0.00,  576.21,    0.26,    0.00,   1831.93,    890.87,      0.00,      0.00,      2.81,   1831.93,    890.87,   2722.80
2026-01-14,17:54:20.512,  129.58,  106.03,    0.00,    0.00,,,,,  127.81,  103.42,    0.00,    0.00,,,,,  116.33,   92.82,    0.00,    0.00,,,,,  135.61,  111.56,    0.00,    0.00,,,,,  509.33,  413.82,    0.00,    0.00,  923.15,   85.11,   50.28,    0.00,    0.00,,,,,   96.95,   60.97,    0.00,    0.00,,,,,  103.91,   68.44,    0.00,    0.00,,,,,   84.49,   48.67,    0.00,    0.00,,,,,  370.45,  228.36,    0.00,    0.00,  598.82,    0.13,    0.00,    879.79,    642.18,      0.00,      0.00,      2.12,    879.79,    642.18,   1521.97
2026-01-14,17:54:21.512,  150.62,  117.45,    0.00,    0.00,,,,,  134.31,  101.76,    0.00,    0.00,,,,,  131.16,   98.72,    0.00,    0.00,,,,,  156.62,  122.87,    0.00,    0.00,,,,,  572.71,  440.80,    0.00,    0.00, 1013.52,   84.88,   49.07,    0.00,    0.00,,,,,   98.26,   60.37,    0.00,    0.00,,,,,  105.63,   68.58,    0.00,    0.00,,,,,   85.15,   48.02,    0.00,    0.00,,,,,  373.93,  226.05,    0.00,    0.00,  599.97,    0.22,    0.00,    946.64,    666.85,      0.00,      0.00,      2.51,    946.64,    666.85,   1613.49
2026-01-14,17:54:22.512,  142.32,  114.21,    0.00,    0.00,,,,,  134.51,  106.20,    0.00,    0.00,,,,,  126.32,   98.85,    0.00,    0.00,,,,,  148.18,  119.77,    0.00,    0.00,,,,,  551.33,  439.04,    0.00,    0.00,  990.37,   85.40,   51.68,    0.00,    0.00,,,,,   98.13,   62.15,    0.00,    0.00,,,,,  107.74,   72.45,    0.00,    0.00,,,,,   85.24,   50.26,    0.00,    0.00,,,,,  376.51,  236.53,    0.00,    0.00,  613.04,    0.12,    0.00,    927.84,    675.57,      0.00,      0.00,      2.70,    927.84,    675.57,   1603.41
2026-01-14,17:54:23.513,  174.45,  132.28,    0.00,    0.00,,,,,  165.24,  122.64,    0.00,    0.00,,,,,  157.85,  115.95,    0.00,    0.00,,,,,  180.46,  137.75,    0.00,    0.00,,,,,  678.01,  508.62,    0.00,    0.00, 1186.63,   98.67,   56.37,    0.00,    0.00,,,,,  107.36,   64.06,    0.00,    0.00,,,,,  115.08,   72.32,    0.00,    0.00,,,,,   97.23,   53.58,    0.00,    0.00,,,,,  418.35,  246.33,    0.00,    0.00,  664.67,   16.15,    0.00,   1096.35,    754.95,      0.00,      0.00,     33.95,   1096.35,    754.95,   1851.30
2026-01-14,17:54:24.513,  139.71,  111.84,    0.00,    0.00,,,,,  132.40,  104.06,    0.00,    0.00,,,,,  124.17,   96.35,    0.00,    0.00,,,,,  146.39,  117.80,    0.00,    0.00,,,,,  542.68,  430.05,    0.00,    0.00,  972.73,   87.37,   52.22,    0.00,    0.00,,,,,   94.79,   59.11,    0.00,    0.00,,,,,  103.24,   68.11,    0.00,    0.00,,,,,   85.21,   48.98,    0.00,    0.00,,,,,  370.62,  228.41,    0.00,    0.00,  599.03,    3.05,    0.00,    913.30,    658.46,      0.00,      0.00,      2.88,    913.30,    658.46,   1571.76
2026-01-14,17:54:25.513,  152.03,  114.41,    0.00,    0.00,,,,,  146.34,  108.08,    0.00,    0.00,,,,,  137.84,   99.94,    0.00,    0.00,,,,,  158.75,  120.05,    0.00,    0.00,,,,,  594.95,  442.48,    0.00,    0.00, 1037.44,   90.38,   52.57,    0.00,    0.00,,,,,   97.75,   59.15,    0.00,    0.00,,,,,  104.43,   66.51,    0.00,    0.00,,,,,   88.06,   49.25,    0.00,    0.00,,,,,  380.61,  227.48,    0.00,    0.00,  608.10,    0.38,    0.00,    975.56,    669.97,      0.00,      0.00,      2.22,    975.56,    669.97,   1645.53
2026-01-14,17:54:26.513,  129.54,  107.18,    0.00,    0.00,,,,,  122.09,   99.13,    0.00,    0.00,,,,,  114.38,   92.10,    0.00,    0.00,,,,,  136.40,  112.38,    0.00,    0.00,,,,,  502.41,  410.79,    0.00,    0.00,  913.20,   86.46,   52.71,    0.00,    0.00,,,,,   95.67,   61.16,    0.00,    0.00,,,,,  102.27,   68.27,    0.00,    0.00,,,,,   84.02,   49.42,    0.00,    0.00,,,,,  368.41,  231.57,    0.00,    0.00,  599.98,    0.20,    0.00,    870.83,    642.36,      0.00,      0.00,      2.56,    870.83,    642.36,   1513.18
2026-01-14,17:54:27.513,  149.18,  114.59,    0.00,    0.00,,,,,  142.81,  107.30,    0.00,    0.00,,,,,  135.65,  100.95,    0.00,    0.00,,,,,  156.09,  120.50,    0.00,    0.00,,,,,  583.72,  443.34,    0.00,    0.00, 1027.06,   95.25,   57.34,    0.00,    0.00,,,,,   93.50,   55.18,    0.00,    0.00,,,,,  102.58,   64.79,    0.00,    0.00,,,,,   89.72,   51.18,    0.00,    0.00,,,,,  381.04,  228.49,    0.00,    0.00,  609.53,    0.16,    0.00,    964.76,    671.82,      0.00,      0.00,      2.32,    964.76,    671.82,   1636.58
2026-01-14,17:54:28.513,  153.06,  117.36,    0.00,    0.00,,,,,  146.17,  109.97,    0.00,    0.00,,,,,  138.24,  102.82,    0.00,    0.00,,,,,  159.47,  123.24,    0.00,    0.00,,,,,  596.94,  453.38,    0.00,    0.00, 1050.33,  107.64,   62.74,    0.00,    0.00,,,,,   98.95,   53.56,    0.00,    0.00,,,,,  112.87,   67.79,    0.00,    0.00,,,,,   99.76,   54.40,    0.00,    0.00,,,,,  419.22,  238.48,    0.00,    0.00,  657.70,    0.25,    0.00,   1016.16,    691.86,      0.00,      0.00,      1.88,   1016.16,    691.86,   1708.02
2026-01-14,17:54:29.514,   53.52,   28.03,    0.00,    0.00,,,,,   52.71,   27.41,    0.00,    0.00,,,,,   52.50,   27.15,    0.00,    0.00,,,,,   53.66,   28.13,    0.00,    0.00,,,,,  212.40,  110.72,    0.00,    0.00,  323.12,   18.97,   14.51,    0.00,    0.00,,,,,   19.04,   14.60,    0.00,    0.00,,,,,   19.14,   14.71,    0.00,    0.00,,,,,   18.92,   14.42,    0.00,    0.00,,,,,   76.07,   58.24,    0.00,    0.00,  134.31,    0.12,    0.00,    288.46,    168.97,      0.00,      0.00,      0.18,    288.46,    168.97,    457.43
2026-01-14,17:54:30.515,   37.02,   19.14,    0.00,    0.00,,,,,   36.36,   18.68,    0.00,    0.00,,,,,   36.27,   18.52,    0.00,    0.00,,,,,   37.06,   19.20,    0.00,    0.00,,,,,  146.71,   75.54,    0.00,    0.00,  222.25,   20.61,   13.97,    0.00,    0.00,,,,,   20.87,   14.34,    0.00,    0.00,,,,,   20.75,   14.20,    0.00,    0.00,,,,,   20.56,   13.96,    0.00,    0.00,,,,,   82.78,   56.48,    0.00,    0.00,  139.26,    0.11,    0.00,    229.49,    132.01,      0.00,      0.00,      0.09,    229.49,    132.01,    361.50
2026-01-14,17:54:31.516,   30.98,   15.99,    0.00,    0.00,,,,,   30.18,   15.53,    0.00,    0.00,,,,,   29.99,   15.36,    0.00,    0.00,,,,,   30.92,   15.92,    0.00,    0.00,,,,,  122.06,   62.79,    0.00,    0.00,  184.85,   15.55,   12.50,    0.00,    0.00,,,,,   15.78,   12.74,    0.00,    0.00,,,,,   15.72,   12.63,    0.00,    0.00,,,,,   15.54,   12.49,    0.00,    0.00,,,,,   62.59,   50.36,    0.00,    0.00,  112.95,    0.07,    0.00,    184.65,    113.15,      0.00,      0.00,      0.12,    184.65,    113.15,    297.80
2026-01-14,17:54:32.516,   44.38,   19.68,    0.00,    0.00,,,,,   43.70,   19.15,    0.00,    0.00,,,,,   43.64,   19.09,    0.00,    0.00,,,,,   44.41,   19.69,    0.00,    0.00,,,,,  176.13,   77.61,    0.00,    0.00,  253.74,   18.00,   12.95,    0.00,    0.00,,,,,   18.29,   13.21,    0.00,    0.00,,,,,   18.20,   13.08,    0.00,    0.00,,,,,   18.04,   13.01,    0.00,    0.00,,,,,   72.53,   52.24,    0.00,    0.00,  124.77,    0.08,    0.00,    248.66,    129.86,      0.00,      0.00,      0.04,    248.66,    129.86,    378.52
2026-01-14,17:54:33.516,   43.30,   21.58,    0.00,    0.00,,,,,   42.68,   21.14,    0.00,    0.00,,,,,   42.60,   20.99,    0.00,    0.00,,,,,   43.30,   21.62,    0.00,    0.00,,,,,  171.89,   85.34,    0.00,    0.00,  257.22,   21.08,   14.55,    0.00,    0.00,,,,,   21.20,   14.75,    0.00,    0.00,,,,,   21.09,   14.65,    0.00,    0.00,,,,,   21.07,   14.58,    0.00,    0.00,,,,,   84.44,   58.54,    0.00,    0.00,  142.98,    8.13,    0.00,    256.32,    143.87,      0.00,      0.00,     31.32,    256.32,    143.87,    400.20
2026-01-14,17:54:34.516,  302.15,  194.77,    0.00,    0.00,,,,,  287.56,  180.12,    0.00,    0.00,,,,,  284.21,  177.78,    0.00,    0.00,,,,,  305.66,  198.85,    0.00,    0.00,,,,, 1179.59,  751.52,    0.00,    0.00, 1931.11,   89.67,   56.59,    0.00,    0.00,,,,,   81.07,   48.46,    0.00,    0.00,,,,,   90.90,   58.66,    0.00,    0.00,,,,,   82.76,   49.18,    0.00,    0.00,,,,,  344.39,  212.89,    0.00,    0.00,  557.28,   11.67,    0.00,   1523.98,    964.41,      0.00,      0.00,      1.07,   1523.98,    964.41,   2488.38
2026-01-14,17:54:35.516,  187.54,  152.41,    0.00,    0.00,,,,,  162.76,  129.70,    0.00,    0.00,,,,,  157.21,  125.73,    0.00,    0.00,,,,,  195.00,  160.71,    0.00,    0.00,,,,,  702.51,  568.54,    0.00,    0.00, 1271.05,  121.06,   74.52,    0.00,    0.00,,,,,  108.99,   62.29,    0.00,    0.00,,,,,  125.53,   79.27,    0.00,    0.00,,,,,  111.35,   63.80,    0.00,    0.00,,,,,  466.94,  279.87,    0.00,    0.00,  746.81,    0.89,    0.00,   1169.45,    848.41,      0.00,      0.00,      2.25,   1169.45,    848.41,   2017.86
2026-01-14,17:54:36.515,  185.63,  150.79,    0.00,    0.00,,,,,  160.48,  128.14,    0.00,    0.00,,,,,  154.96,  124.46,    0.00,    0.00,,,,,  193.03,  159.04,    0.00,    0.00,,,,,  694.11,  562.42,    0.00,    0.00, 1256.53,  113.39,   73.64,    0.00,    0.00,,,,,  101.89,   61.69,    0.00,    0.00,,,,,  118.94,   79.11,    0.00,    0.00,,,,,  103.90,   63.12,    0.00,    0.00,,,,,  438.12,  277.56,    0.00,    0.00,  715.67,    0.17,    0.00,   1132.22,    839.98,      0.00,      0.00,      2.74,   1132.22,    839.98,   1972.20
2026-01-14,17:54:37.516,  221.60,  165.99,    0.00,    0.00,,,,,  196.54,  143.48,    0.00,    0.00,,,,,  192.91,  141.30,    0.00,    0.00,,,,,  230.30,  175.45,    0.00,    0.00,,,,,  841.36,  626.22,    0.00,    0.00, 1467.58,  115.73,   73.56,    0.00,    0.00,,,,,  105.75,   62.72,    0.00,    0.00,,,,,  122.86,   80.37,    0.00,    0.00,,,,,  106.34,   63.18,    0.00,    0.00,,,,,  450.67,  279.82,    0.00,    0.00,  730.50,    0.18,    0.00,   1292.03,    906.04,      0.00,      0.00,      3.00,   1292.03,    906.04,   2198.08
2026-01-14,17:54:38.516,  202.40,  158.59,    0.00,    0.00,,,,,  181.29,  139.35,    0.00,    0.00,,,,,  176.18,  135.23,    0.00,    0.00,,,,,  210.89,  167.84,    0.00,    0.00,,,,,  770.77,  601.00,    0.00,    0.00, 1371.77,  133.03,   79.74,    0.00,    0.00,,,,,  126.68,   72.96,    0.00,    0.00,,,,,  142.03,   88.58,    0.00,    0.00,,,,,  125.46,   71.08,    0.00,    0.00,,,,,  527.20,  312.35,    0.00,    0.00,  839.55,    0.45,    0.00,   1297.97,    913.35,      0.00,      0.00,      4.50,   1297.97,    913.35,   2211.32
2026-01-14,17:54:39.516,  192.15,  152.16,    0.00,    0.00,,,,,  166.19,  127.63,    0.00,    0.00,,,,,  160.94,  123.53,    0.00,    0.00,,,,,  197.48,  157.85,    0.00,    0.00,,,,,  716.77,  561.16,    0.00,    0.00, 1277.93,  102.94,   62.10,    0.00,    0.00,,,,,  118.01,   75.61,    0.00,    0.00,,,,,  127.41,   85.47,    0.00,    0.00,,,,,  103.53,   61.35,    0.00,    0.00,,,,,  451.90,  284.52,    0.00,    0.00,  736.42,    0.29,    0.00,   1168.66,    845.69,      0.00,      0.00,      3.16,   1168.66,    845.69,   2014.35
2026-01-14,17:54:40.516,  184.45,  150.54,    0.00,    0.00,,,,,  159.47,  126.95,    0.00,    0.00,,,,,  153.69,  122.13,    0.00,    0.00,,,,,  190.21,  156.61,    0.00,    0.00,,,,,  687.82,  556.22,    0.00,    0.00, 1244.04,  103.21,   61.86,    0.00,    0.00,,,,,  116.32,   73.33,    0.00,    0.00,,,,,  127.09,   84.23,    0.00,    0.00,,,,,  102.92,   60.00,    0.00,    0.00,,,,,  449.54,  279.43,    0.00,    0.00,  728.97,    0.19,    0.00,   1137.36,    835.65,      0.00,      0.00,      2.11,   1137.36,    835.65,   1973.01
2026-01-14,17:54:41.517,  163.33,  136.47,    0.00,    0.00,,,,,  143.54,  117.50,    0.00,    0.00,,,,,  136.39,  112.01,    0.00,    0.00,,,,,  170.43,  144.01,    0.00,    0.00,,,,,  613.70,  509.99,    0.00,    0.00, 1123.68,  127.84,   81.41,    0.00,    0.00,,,,,  114.98,   68.19,    0.00,    0.00,,,,,  132.17,   85.15,    0.00,    0.00,,,,,  115.40,   67.14,    0.00,    0.00,,,,,  490.39,  301.89,    0.00,    0.00,  792.28,    0.16,    0.00,   1104.08,    811.88,      0.00,      0.00,      2.41,   1104.08,    811.88,   1915.96
2026-01-14,17:54:42.517,  220.76,  145.22,    0.00,    0.00,,,,,  206.78,  131.65,    0.00,    0.00,,,,,  196.43,  123.29,    0.00,    0.00,,,,,  228.08,  153.13,    0.00,    0.00,,,,,  852.06,  553.29,    0.00,    0.00, 1405.35,  118.75,   77.00,    0.00,    0.00,,,,,  110.30,   67.12,    0.00,    0.00,,,,,  124.44,   81.39,    0.00,    0.00,,,,,  108.91,   65.98,    0.00,    0.00,,,,,  462.40,  291.49,    0.00,    0.00,  753.89,    0.12,    0.00,   1314.46,    844.78,      0.00,      0.00,      2.15,   1314.46,    844.78,   2159.24
2026-01-14,17:54:43.517,  169.24,  137.95,    0.00,    0.00,,,,,  152.52,  122.14,    0.00,    0.00,,,,,  143.02,  114.59,    0.00,    0.00,,,,,  176.20,  145.58,    0.00,    0.00,,,,,  640.97,  520.26,    0.00,    0.00, 1161.23,  123.79,   79.53,    0.00,    0.00,,,,,  115.05,   69.65,    0.00,    0.00,,,,,  130.50,   85.16,    0.00,    0.00,,,,,  113.68,   68.38,    0.00,    0.00,,,,,  483.02,  302.73,    0.00,    0.00,  785.75,    5.88,    0.00,   1123.99,    822.99,      0.00,      0.00,     33.52,   1123.99,    822.99,   1946.98
2026-01-14,17:54:44.518,   91.88,   59.57,    0.00,    0.00,,,,,   88.56,   56.37,    0.00,    0.00,,,,,   86.70,   54.78,    0.00,    0.00,,,,,   93.75,   61.46,    0.00,    0.00,,,,,  360.89,  232.19,    0.00,    0.00,  593.08,   45.33,   27.39,    0.00,    0.00,,,,,   43.43,   25.28,    0.00,    0.00,,,,,   47.04,   28.82,    0.00,    0.00,,,,,   42.91,   24.83,    0.00,    0.00,,,,,  178.72,  106.32,    0.00,    0.00,  285.04,   11.64,    0.00,    539.61,    338.51,      0.00,      0.00,      2.37,    539.61,    338.51,    878.12
2026-01-14,17:54:45.519,   32.50,   17.17,    0.00,    0.00,,,,,   31.71,   16.62,    0.00,    0.00,,,,,   31.55,   16.44,    0.00,    0.00,,,,,   32.47,   17.15,    0.00,    0.00,,,,,  128.23,   67.38,    0.00,    0.00,  195.60,   18.32,   13.28,    0.00,    0.00,,,,,   18.28,   13.30,    0.00,    0.00,,,,,   18.27,   13.24,    0.00,    0.00,,,,,   18.42,   13.34,    0.00,    0.00,,,,,   73.28,   53.15,    0.00,    0.00,  126.44,    1.58,    0.00,    201.51,    120.53,      0.00,      0.00,      1.88,    201.51,    120.53,    322.04
2026-01-14,17:54:46.519,   33.31,   17.60,    0.00,    0.00,,,,,   32.64,   17.12,    0.00,    0.00,,,,,   32.56,   16.99,    0.00,    0.00,,,,,   33.31,   17.58,    0.00,    0.00,,,,,  131.83,   69.29,    0.00,    0.00,  201.12,   15.65,   12.75,    0.00,    0.00,,,,,   15.63,   12.79,    0.00,    0.00,,,,,   15.63,   12.79,    0.00,    0.00,,,,,   15.75,   12.86,    0.00,    0.00,,,,,   62.66,   51.19,    0.00,    0.00,  113.85,    0.41,    0.00,    194.50,    120.47,      0.00,      0.00,      2.43,    194.50,    120.47,    314.97
2026-01-14,17:54:47.519,   36.19,   16.61,    0.00,    0.00,,,,,   35.62,   16.13,    0.00,    0.00,,,,,   35.53,   16.00,    0.00,    0.00,,,,,   36.17,   16.57,    0.00,    0.00,,,,,  143.50,   65.30,    0.00,    0.00,  208.80,   14.55,   12.42,    0.00,    0.00,,,,,   14.52,   12.41,    0.00,    0.00,,,,,   14.52,   12.38,    0.00,    0.00,,,,,   14.65,   12.52,    0.00,    0.00,,,,,   58.23,   49.73,    0.00,    0.00,  107.96,    0.17,    0.00,    201.74,    115.03,      0.00,      0.00,      2.44,    201.74,    115.03,    316.76
2026-01-14,17:54:48.519,   37.76,   18.66,    0.00,    0.00,,,,,   36.98,   18.19,    0.00,    0.00,,,,,   36.89,   18.05,    0.00,    0.00,,,,,   37.74,   18.67,    0.00,    0.00,,,,,  149.38,   73.58,    0.00,    0.00,  222.96,   17.60,   12.92,    0.00,    0.00,,,,,   17.54,   12.89,    0.00,    0.00,,,,,   17.52,   12.88,    0.00,    0.00,,,,,   17.61,   12.98,    0.00,    0.00,,,,,   70.27,   51.67,    0.00,    0.00,  121.94,    0.15,    0.00,    219.65,    125.25,      0.00,      0.00,      2.58,    219.65,    125.25,    344.90
2026-01-14,17:54:49.519,  233.14,  149.12,    0.00,    0.00,,,,,  228.49,  143.90,    0.00,    0.00,,,,,  223.67,  140.12,    0.00,    0.00,,,,,  237.16,  153.07,    0.00,    0.00,,,,,  922.46,  586.21,    0.00,    0.00, 1508.67,   84.16,   52.29,    0.00,    0.00,,,,,   81.16,   48.46,    0.00,    0.00,,,,,   86.54,   53.99,    0.00,    0.00,,,,,   78.71,   46.28,    0.00,    0.00,,,,,  330.57,  201.03,    0.00,    0.00,  531.60,    0.30,    0.00,   1253.03,    787.23,      0.00,      0.00,      2.05,   1253.03,    787.23,   2040.27
2026-01-14,17:54:50.520,  214.30,  169.59,    0.00,    0.00,,,,,  214.09,  165.97,    0.00,    0.00,,,,,  202.84,  156.38,    0.00,    0.00,,,,,  226.52,  181.31,    0.00,    0.00,,,,,  857.75,  673.25,    0.00,    0.00, 1531.00,  136.56,   83.42,    0.00,    0.00,,,,,  132.00,   76.24,    0.00,    0.00,,,,,  149.02,   93.51,    0.00,    0.00,,,,,  126.32,   71.49,    0.00,    0.00,,,,,  543.90,  324.66,    0.00,    0.00,  868.56,    0.21,    0.00,   1401.65,    997.91,      0.00,      0.00,      2.41,   1401.65,    997.91,   2399.56
2026-01-14,17:54:51.520,  278.11,  213.31,    0.00,    0.00,,,,,  273.80,  205.92,    0.00,    0.00,,,,,  264.34,  197.92,    0.00,    0.00,,,,,  288.33,  223.18,    0.00,    0.00,,,,, 1104.58,  840.33,    0.00,    0.00, 1944.92,  137.43,   83.23,    0.00,    0.00,,,,,  133.12,   76.38,    0.00,    0.00,,,,,  150.34,   93.69,    0.00,    0.00,,,,,  127.93,   72.05,    0.00,    0.00,,,,,  548.82,  325.36,    0.00,    0.00,  874.17,    0.26,    0.00,   1653.40,   1165.69,      0.00,      0.00,      2.78,   1653.40,   1165.69,   2819.09
2026-01-14,17:54:52.519,  217.76,  176.74,    0.00,    0.00,,,,,  213.82,  169.37,    0.00,    0.00,,,,,  202.56,  159.03,    0.00,    0.00,,,,,  228.47,  186.51,    0.00,    0.00,,,,,  862.62,  691.65,    0.00,    0.00, 1554.27,  133.98,   81.02,    0.00,    0.00,,,,,  131.39,   75.55,    0.00,    0.00,,,,,  148.40,   92.52,    0.00,    0.00,,,,,  125.35,   70.52,    0.00,    0.00,,,,,  539.12,  319.61,    0.00,    0.00,  858.73,    0.19,    0.00,   1401.74,   1011.26,      0.00,      0.00,      2.22,   1401.74,   1011.26,   2413.00
2026-01-14,17:54:53.520,  190.70,  159.76,    0.00,    0.00,,,,,  176.03,  143.54,    0.00,    0.00,,,,,  167.19,  135.76,    0.00,    0.00,,,,,  197.74,  166.18,    0.00,    0.00,,,,,  731.66,  605.23,    0.00,    0.00, 1336.90,  135.53,   85.71,    0.00,    0.00,,,,,  130.32,   78.09,    0.00,    0.00,,,,,  147.36,   94.69,    0.00,    0.00,,,,,  124.09,   72.79,    0.00,    0.00,,,,,  537.29,  331.29,    0.00,    0.00,  868.58,    0.23,    0.00,   1268.96,    936.52,      0.00,      0.00,      2.78,   1268.96,    936.52,   2205.48
2026-01-14,17:54:54.520,  210.71,  170.93,    0.00,    0.00,,,,,  198.17,  156.98,    0.00,    0.00,,,,,  188.46,  148.58,    0.00,    0.00,,,,,  219.19,  178.76,    0.00,    0.00,,,,,  816.54,  655.26,    0.00,    0.00, 1471.80,  129.12,   83.34,    0.00,    0.00,,,,,  124.71,   76.46,    0.00,    0.00,,,,,  141.16,   93.02,    0.00,    0.00,,,,,  117.68,   70.69,    0.00,    0.00,,,,,  512.67,  323.51,    0.00,    0.00,  836.17,   18.12,    0.00,   1329.21,    978.76,      0.00,      0.00,     41.66,   1329.21,    978.76,   2307.97
2026-01-14,17:54:55.520,  187.52,  155.63,    0.00,    0.00,,,,,  178.81,  145.63,    0.00,    0.00,,,,,  168.30,  137.09,    0.00,    0.00,,,,,  197.20,  164.70,    0.00,    0.00,,,,,  731.83,  603.05,    0.00,    0.00, 1334.87,  142.37,   87.14,    0.00,    0.00,,,,,  135.52,   77.99,    0.00,    0.00,,,,,  151.73,   93.87,    0.00,    0.00,,,,,  129.02,   72.49,    0.00,    0.00,,,,,  558.65,  331.49,    0.00,    0.00,  890.13,    1.38,    0.00,   1290.47,    934.53,      0.00,      0.00,      3.21,   1290.47,    934.53,   2225.00
2026-01-14,17:54:56.521,  194.24,  162.39,    0.00,    0.00,,,,,  173.72,  141.95,    0.00,    0.00,,,,,  168.32,  138.18,    0.00,    0.00,,,,,  201.39,  169.10,    0.00,    0.00,,,,,  737.67,  611.63,    0.00,    0.00, 1349.31,  133.38,   84.32,    0.00,    0.00,,,,,  121.51,   71.70,    0.00,    0.00,,,,,  137.61,   87.92,    0.00,    0.00,,,,,  119.67,   69.52,    0.00,    0.00,,,,,  512.16,  313.46,    0.00,    0.00,  825.62,    0.23,    0.00,   1249.84,    925.09,      0.00,      0.00,      3.06,   1249.84,    925.09,   2174.93
2026-01-14,17:54:57.521,  191.23,  161.80,    0.00,    0.00,,,,,  175.41,  145.02,    0.00,    0.00,,,,,  167.67,  139.57,    0.00,    0.00,,,,,  199.98,  170.02,    0.00,    0.00,,,,,  734.29,  616.42,    0.00,    0.00, 1350.70,  134.64,   85.51,    0.00,    0.00,,,,,  125.13,   74.99,    0.00,    0.00,,,,,  142.27,   92.34,    0.00,    0.00,,,,,  122.04,   71.83,    0.00,    0.00,,,,,  524.08,  324.67,    0.00,    0.00,  848.75,    0.22,    0.00,   1258.36,    941.09,      0.00,      0.00,      3.03,   1258.36,    941.09,   2199.45
2026-01-14,17:54:58.520,  219.52,  171.24,    0.00,    0.00,,,,,  201.34,  151.77,    0.00,    0.00,,,,,  194.69,  147.08,    0.00,    0.00,,,,,  225.34,  176.52,    0.00,    0.00,,,,,  840.89,  646.61,    0.00,    0.00, 1487.50,  143.73,   86.89,    0.00,    0.00,,,,,  134.09,   76.12,    0.00,    0.00,,,,,  150.89,   92.89,    0.00,    0.00,,,,,  130.85,   73.23,    0.00,    0.00,,,,,  559.57,  329.13,    0.00,    0.00,  888.70,    0.22,    0.00,   1400.46,    975.74,      0.00,      0.00,      2.57,   1400.46,    975.74,   2376.20
2026-01-14,17:54:59.521,  133.21,   93.81,    0.00,    0.00,,,,,  124.58,   84.81,    0.00,    0.00,,,,,  121.70,   82.66,    0.00,    0.00,,,,,  134.71,   95.22,    0.00,    0.00,,,,,  514.20,  356.50,    0.00,    0.00,  870.70,   66.65,   43.85,    0.00,    0.00,,,,,   62.51,   39.39,    0.00,    0.00,,,,,   69.62,   46.47,    0.00,    0.00,,,,,   61.28,   38.08,    0.00,    0.00,,,,,  260.06,  167.78,    0.00,    0.00,  427.85,    0.16,    0.00,    774.26,    524.28,      0.00,      0.00,      2.23,    774.26,    524.28,   1298.55
2026-01-14,17:55:00.521,   40.70,   20.22,    0.00,    0.00,,,,,   39.95,   19.69,    0.00,    0.00,,,,,   39.94,   19.57,    0.00,    0.00,,,,,   40.69,   20.20,    0.00,    0.00,,,,,  161.28,   79.68,    0.00,    0.00,  240.95,   19.04,   13.57,    0.00,    0.00,,,,,   19.33,   13.89,    0.00,    0.00,,,,,   19.23,   13.76,    0.00,    0.00,,,,,   19.06,   13.60,    0.00,    0.00,,,,,   76.66,   54.82,    0.00,    0.00,  131.48,    0.11,    0.00,    237.93,    134.50,      0.00,      0.00,      1.78,    237.93,    134.50,    372.43
2026-01-14,17:55:01.520,   31.38,   16.98,    0.00,    0.00,,,,,   30.60,   16.41,    0.00,    0.00,,,,,   30.52,   16.27,    0.00,    0.00,,,,,   31.41,   16.99,    0.00,    0.00,,,,,  123.91,   66.65,    0.00,    0.00,  190.57,   15.92,   12.62,    0.00,    0.00,,,,,   16.16,   12.88,    0.00,    0.00,,,,,   16.12,   12.83,    0.00,    0.00,,,,,   16.01,   12.72,    0.00,    0.00,,,,,   64.21,   51.06,    0.00,    0.00,  115.26,    0.06,    0.00,    188.12,    117.71,      0.00,      0.00,      1.86,    188.12,    117.71,    305.83
2026-01-14,17:55:02.520,   33.32,   17.00,    0.00,    0.00,,,,,   32.61,   16.52,    0.00,    0.00,,,,,   32.52,   16.39,    0.00,    0.00,,,,,   33.31,   17.00,    0.00,    0.00,,,,,  131.76,   66.91,    0.00,    0.00,  198.67,   14.08,   11.98,    0.00,    0.00,,,,,   14.38,   12.29,    0.00,    0.00,,,,,   14.35,   12.26,    0.00,    0.00,,,,,   14.10,   12.01,    0.00,    0.00,,,,,   56.91,   48.55,    0.00,    0.00,  105.46,    0.05,    0.00,    188.67,    115.46,      0.00,      0.00,      2.51,    188.67,    115.46,    304.13
2026-01-14,17:55:03.520,   44.75,   23.15,    0.00,    0.00,,,,,   43.89,   22.55,    0.00,    0.00,,,,,   43.84,   22.44,    0.00,    0.00,,,,,   44.78,   23.17,    0.00,    0.00,,,,,  177.26,   91.31,    0.00,    0.00,  268.57,   19.62,   13.22,    0.00,    0.00,,,,,   19.79,   13.43,    0.00,    0.00,,,,,   19.75,   13.43,    0.00,    0.00,,,,,   19.62,   13.27,    0.00,    0.00,,,,,   78.78,   53.35,    0.00,    0.00,  132.12,    0.09,    0.00,    256.04,    144.66,      0.00,      0.00,      2.64,    256.04,    144.66,    400.70
2026-01-14,17:55:04.520,  171.53,  110.01,    0.00,    0.00,,,,,  166.78,  105.10,    0.00,    0.00,,,,,  164.66,  103.23,    0.00,    0.00,,,,,  172.28,  110.43,    0.00,    0.00,,,,,  675.23,  428.77,    0.00,    0.00, 1104.01,   62.06,   39.30,    0.00,    0.00,,,,,   59.50,   36.86,    0.00,    0.00,,,,,   61.35,   38.72,    0.00,    0.00,,,,,   58.95,   36.03,    0.00,    0.00,,,,,  241.87,  150.92,    0.00,    0.00,  392.79,   18.10,    0.00,    917.10,    579.69,      0.00,      0.00,     38.53,    917.10,    579.69,   1496.79
2026-01-14,17:55:05.520,  261.06,  203.45,    0.00,    0.00,,,,,  260.37,  200.47,    0.00,    0.00,,,,,  246.77,  188.50,    0.00,    0.00,,,,,  271.62,  212.48,    0.00,    0.00,,,,, 1039.83,  804.90,    0.00,    0.00, 1844.73,  152.90,   92.15,    0.00,    0.00,,,,,  144.18,   82.35,    0.00,    0.00,,,,,  158.16,   96.54,    0.00,    0.00,,,,,  140.27,   78.26,    0.00,    0.00,,,,,  595.51,  349.30,    0.00,    0.00,  944.81,    2.57,    0.00,   1635.34,   1154.21,      0.00,      0.00,      2.47,   1635.34,   1154.21,   2789.54
2026-01-14,17:55:06.520,  261.25,  210.49,    0.00,    0.00,,,,,  259.78,  207.32,    0.00,    0.00,,,,,  247.29,  196.92,    0.00,    0.00,,,,,  272.54,  221.02,    0.00,    0.00,,,,, 1040.85,  835.75,    0.00,    0.00, 1876.61,  144.10,   82.41,    0.00,    0.00,,,,,  156.76,   92.53,    0.00,    0.00,,,,,  168.95,  105.72,    0.00,    0.00,,,,,  140.91,   77.18,    0.00,    0.00,,,,,  610.73,  357.84,    0.00,    0.00,  968.56,    0.22,    0.00,   1651.58,   1193.59,      0.00,      0.00,      2.27,   1651.58,   1193.59,   2845.17
2026-01-14,17:55:07.521,  230.95,  189.77,    0.00,    0.00,,,,,  222.76,  180.24,    0.00,    0.00,,,,,  209.08,  167.28,    0.00,    0.00,,,,,  240.82,  198.48,    0.00,    0.00,,,,,  903.61,  735.77,    0.00,    0.00, 1639.39,  136.50,   77.80,    0.00,    0.00,,,,,  152.38,   91.61,    0.00,    0.00,,,,,  161.49,  101.33,    0.00,    0.00,,,,,  136.58,   75.42,    0.00,    0.00,,,,,  586.94,  346.16,    0.00,    0.00,  933.10,    0.22,    0.00,   1490.56,   1081.93,      0.00,      0.00,      2.36,   1490.56,   1081.93,   2572.49
2026-01-14,17:55:08.521,  215.84,  182.90,    0.00,    0.00,,,,,  207.68,  173.36,    0.00,    0.00,,,,,  195.68,  162.23,    0.00,    0.00,,,,,  225.21,  191.40,    0.00,    0.00,,,,,  844.42,  709.90,    0.00,    0.00, 1554.32,  159.18,   87.14,    0.00,    0.00,,,,,  177.26,  103.58,    0.00,    0.00,,,,,  185.38,  112.44,    0.00,    0.00,,,,,  156.47,   82.96,    0.00,    0.00,,,,,  678.30,  386.11,    0.00,    0.00, 1064.41,    0.47,    0.00,   1522.72,   1096.01,      0.00,      0.00,      3.91,   1522.72,   1096.01,   2618.73
2026-01-14,17:55:09.522,  242.42,  193.59,    0.00,    0.00,,,,,  231.54,  180.75,    0.00,    0.00,,,,,  220.80,  170.62,    0.00,    0.00,,,,,  252.25,  202.06,    0.00,    0.00,,,,,  947.02,  747.03,    0.00,    0.00, 1694.05,  132.78,   77.80,    0.00,    0.00,,,,,  149.15,   93.21,    0.00,    0.00,,,,,  156.73,  101.21,    0.00,    0.00,,,,,  131.37,   74.91,    0.00,    0.00,,,,,  570.02,  347.12,    0.00,    0.00,  917.15,    0.36,    0.00,   1517.04,   1094.15,      0.00,      0.00,      2.72,   1517.04,   1094.15,   2611.19
2026-01-14,17:55:10.522,  203.72,  174.43,    0.00,    0.00,,,,,  201.90,  170.18,    0.00,    0.00,,,,,  188.97,  158.45,    0.00,    0.00,,,,,  216.17,  185.21,    0.00,    0.00,,,,,  810.76,  688.27,    0.00,    0.00, 1499.03,  129.95,   75.81,    0.00,    0.00,,,,,  145.67,   90.30,    0.00,    0.00,,,,,  154.46,   99.72,    0.00,    0.00,,,,,  127.35,   71.77,    0.00,    0.00,,,,,  557.43,  337.60,    0.00,    0.00,  895.03,    0.22,    0.00,   1368.19,   1025.87,      0.00,      0.00,      2.97,   1368.19,   1025.87,   2394.05
2026-01-14,17:55:11.521,  213.22,  177.02,    0.00,    0.00,,,,,  216.14,  177.36,    0.00,    0.00,,,,,  201.03,  164.21,    0.00,    0.00,,,,,  228.07,  190.73,    0.00,    0.00,,,,,  858.46,  709.33,    0.00,    0.00, 1567.79,  132.34,   78.58,    0.00,    0.00,,,,,  151.32,   94.56,    0.00,    0.00,,,,,  162.67,  106.63,    0.00,    0.00,,,,,  129.76,   73.94,    0.00,    0.00,,,,,  576.09,  353.71,    0.00,    0.00,  929.80,    0.22,    0.00,   1434.55,   1063.04,      0.00,      0.00,      3.03,   1434.55,   1063.04,   2497.59
2026-01-14,17:55:12.521,  196.79,  171.15,    0.00,    0.00,,,,,  195.70,  167.61,    0.00,    0.00,,,,,  180.51,  154.84,    0.00,    0.00,,,,,  209.45,  182.54,    0.00,    0.00,,,,,  782.46,  676.14,    0.00,    0.00, 1458.60,  144.13,   80.80,    0.00,    0.00,,,,,  163.38,   97.07,    0.00,    0.00,,,,,  174.13,  108.51,    0.00,    0.00,,,,,  140.93,   75.44,    0.00,    0.00,,,,,  622.58,  361.82,    0.00,    0.00,  984.40,    0.19,    0.00,   1405.03,   1037.96,      0.00,      0.00,      3.00,   1405.03,   1037.96,   2443.00
2026-01-14,17:55:13.521,  214.27,  178.44,    0.00,    0.00,,,,,  213.17,  174.95,    0.00,    0.00,,,,,  198.73,  162.00,    0.00,    0.00,,,,,  228.20,  191.20,    0.00,    0.00,,,,,  854.37,  706.59,    0.00,    0.00, 1560.95,  146.26,   81.24,    0.00,    0.00,,,,,  164.16,   97.03,    0.00,    0.00,,,,,  173.40,  106.90,    0.00,    0.00,,,,,  144.50,   77.37,    0.00,    0.00,,,,,  628.33,  362.54,    0.00,    0.00,  990.87,    0.28,    0.00,   1482.69,   1069.13,      0.00,      0.00,      3.60,   1482.69,   1069.13,   2551.82
2026-01-14,17:55:14.521,  152.55,  123.91,    0.00,    0.00,,,,,  152.16,  122.03,    0.00,    0.00,,,,,  142.84,  113.86,    0.00,    0.00,,,,,  161.78,  132.17,    0.00,    0.00,,,,,  609.34,  491.98,    0.00,    0.00, 1101.32,   98.98,   58.55,    0.00,    0.00,,,,,  111.14,   69.42,    0.00,    0.00,,,,,  117.36,   75.94,    0.00,    0.00,,,,,   96.53,   54.90,    0.00,    0.00,,,,,  424.02,  258.81,    0.00,    0.00,  682.83,    7.94,    0.00,   1033.35,    750.79,      0.00,      0.00,     33.34,   1033.35,    750.79,   1784.14
2026-01-14,17:55:15.521,   45.38,   21.94,    0.00,    0.00,,,,,   44.61,   21.44,    0.00,    0.00,,,,,   44.56,   21.33,    0.00,    0.00,,,,,   45.32,   21.96,    0.00,    0.00,,,,,  179.86,   86.68,    0.00,    0.00,  266.54,   18.88,   13.01,    0.00,    0.00,,,,,   19.11,   13.25,    0.00,    0.00,,,,,   18.95,   13.07,    0.00,    0.00,,,,,   18.83,   12.97,    0.00,    0.00,,,,,   75.78,   52.29,    0.00,    0.00,  128.07,    4.77,    0.00,    255.64,    138.97,      0.00,      0.00,      1.91,    255.64,    138.97,    394.61
2026-01-14,17:55:16.522,   25.68,   14.34,    0.00,    0.00,,,,,   24.97,   13.78,    0.00,    0.00,,,,,   24.93,   13.73,    0.00,    0.00,,,,,   25.77,   14.36,    0.00,    0.00,,,,,  101.35,   56.22,    0.00,    0.00,  157.57,   13.56,   12.06,    0.00,    0.00,,,,,   13.75,   12.33,    0.00,    0.00,,,,,   13.60,   12.16,    0.00,    0.00,,,,,   13.52,   12.04,    0.00,    0.00,,,,,   54.42,   48.58,    0.00,    0.00,  103.00,    3.09,    0.00,    155.76,    104.80,      0.00,      0.00,      1.72,    155.76,    104.80,    260.57
2026-01-14,17:55:17.522,   36.45,   18.58,    0.00,    0.00,,,,,   35.69,   18.01,    0.00,    0.00,,,,,   35.63,   17.91,    0.00,    0.00,,,,,   36.48,   18.58,    0.00,    0.00,,,,,  144.25,   73.08,    0.00,    0.00,  217.32,   16.61,   12.54,    0.00,    0.00,,,,,   16.78,   12.79,    0.00,    0.00,,,,,   16.68,   12.68,    0.00,    0.00,,,,,   16.61,   12.58,    0.00,    0.00,,,,,   66.69,   50.59,    0.00,    0.00,  117.28,    2.64,    0.00,    210.93,    123.67,      0.00,      0.00,      1.85,    210.93,    123.67,    334.60
2026-01-14,17:55:18.522,   36.16,   16.26,    0.00,    0.00,,,,,   35.44,   15.78,    0.00,    0.00,,,,,   35.35,   15.66,    0.00,    0.00,,,,,   36.17,   16.34,    0.00,    0.00,,,,,  143.11,   64.04,    0.00,    0.00,  207.15,   17.78,   12.82,    0.00,    0.00,,,,,   17.91,   12.98,    0.00,    0.00,,,,,   17.87,   12.92,    0.00,    0.00,,,,,   17.75,   12.84,    0.00,    0.00,,,,,   71.31,   51.55,    0.00,    0.00,  122.87,    1.59,    0.00,    214.43,    115.59,      0.00,      0.00,      2.71,    214.43,    115.59,    330.02
2026-01-14,17:55:19.522,   98.49,   49.05,    0.00,    0.00,,,,,   97.72,   48.36,    0.00,    0.00,,,,,   97.09,   47.76,    0.00,    0.00,,,,,   98.85,   49.35,    0.00,    0.00,,,,,  392.15,  194.52,    0.00,    0.00,  586.67,   24.33,   16.19,    0.00,    0.00,,,,,   25.01,   16.90,    0.00,    0.00,,,,,   24.81,   16.68,    0.00,    0.00,,,,,   24.35,   16.17,    0.00,    0.00,,,,,   98.50,   65.95,    0.00,    0.00,  164.45,    0.64,    0.00,    490.65,    260.47,      0.00,      0.00,      2.50,    490.65,    260.47,    751.12
2026-01-14,17:55:20.522,  314.40,  247.56,    0.00,    0.00,,,,,  295.83,  229.69,    0.00,    0.00,,,,,  286.99,  222.23,    0.00,    0.00,,,,,  319.42,  251.15,    0.00,    0.00,,,,, 1216.64,  950.63,    0.00,    0.00, 2167.27,  174.44,  101.64,    0.00,    0.00,,,,,  189.39,  113.95,    0.00,    0.00,,,,,  192.71,  118.44,    0.00,    0.00,,,,,  171.36,   97.12,    0.00,    0.00,,,,,  727.90,  431.15,    0.00,    0.00, 1159.04,    0.62,    0.00,   1944.53,   1381.78,      0.00,      0.00,      3.13,   1944.53,   1381.78,   3326.31
2026-01-14,17:55:21.522,  262.78,  213.67,    0.00,    0.00,,,,,  251.53,  201.69,    0.00,    0.00,,,,,  240.76,  192.70,    0.00,    0.00,,,,,  274.16,  223.36,    0.00,    0.00,,,,, 1029.24,  831.41,    0.00,    0.00, 1860.65,  170.49,   99.82,    0.00,    0.00,,,,,  185.27,  112.70,    0.00,    0.00,,,,,  189.98,  118.90,    0.00,    0.00,,,,,  166.95,   94.94,    0.00,    0.00,,,,,  712.68,  426.36,    0.00,    0.00, 1139.04,    0.33,    0.00,   1741.92,   1257.77,      0.00,      0.00,      2.96,   1741.92,   1257.77,   2999.69
2026-01-14,17:55:22.522,  226.05,  192.62,    0.00,    0.00,,,,,  221.88,  186.67,    0.00,    0.00,,,,,  208.16,  175.43,    0.00,    0.00,,,,,  238.54,  203.73,    0.00,    0.00,,,,,  894.64,  758.45,    0.00,    0.00, 1653.09,  179.54,  105.93,    0.00,    0.00,,,,,  180.88,  104.11,    0.00,    0.00,,,,,  190.82,  114.70,    0.00,    0.00,,,,,  169.81,   94.93,    0.00,    0.00,,,,,  721.05,  419.67,    0.00,    0.00, 1140.71,    0.32,    0.00,   1615.69,   1178.12,      0.00,      0.00,      2.54,   1615.69,   1178.12,   2793.80
2026-01-14,17:55:23.522,  243.84,  202.84,    0.00,    0.00,,,,,  230.88,  189.10,    0.00,    0.00,,,,,  220.62,  180.93,    0.00,    0.00,,,,,  254.63,  212.31,    0.00,    0.00,,,,,  949.96,  785.18,    0.00,    0.00, 1735.14,  176.37,  105.62,    0.00,    0.00,,,,,  176.76,  102.55,    0.00,    0.00,,,,,  186.27,  112.43,    0.00,    0.00,,,,,  166.05,   93.68,    0.00,    0.00,,,,,  705.45,  414.29,    0.00,    0.00, 1119.74,    0.38,    0.00,   1655.41,   1199.47,      0.00,      0.00,      3.08,   1655.41,   1199.47,   2854.88
2026-01-14,17:55:24.523,  232.77,  195.96,    0.00,    0.00,,,,,  218.44,  181.04,    0.00,    0.00,,,,,  210.64,  174.95,    0.00,    0.00,,,,,  243.89,  206.15,    0.00,    0.00,,,,,  905.74,  758.10,    0.00,    0.00, 1663.84,  175.44,  106.39,    0.00,    0.00,,,,,  174.66,  101.39,    0.00,    0.00,,,,,  185.20,  112.67,    0.00,    0.00,,,,,  164.53,   93.65,    0.00,    0.00,,,,,  699.82,  414.09,    0.00,    0.00, 1113.92,    9.32,    0.00,   1605.56,   1172.20,      0.00,      0.00,     33.72,   1605.56,   1172.20,   2777.76
2026-01-14,17:55:25.522,  240.45,  200.90,    0.00,    0.00,,,,,  227.65,  187.86,    0.00,    0.00,,,,,  217.54,  179.25,    0.00,    0.00,,,,,  250.53,  210.51,    0.00,    0.00,,,,,  936.18,  778.53,    0.00,    0.00, 1714.71,  179.85,  107.28,    0.00,    0.00,,,,,  180.95,  105.21,    0.00,    0.00,,,,,  190.38,  115.66,    0.00,    0.00,,,,,  170.49,   95.92,    0.00,    0.00,,,,,  721.67,  424.06,    0.00,    0.00, 1145.73,   10.95,    0.00,   1657.85,   1202.58,      0.00,      0.00,      2.84,   1657.85,   1202.58,   2860.43
2026-01-14,17:55:26.522,  216.07,  186.19,    0.00,    0.00,,,,,  210.54,  179.77,    0.00,    0.00,,,,,  196.54,  168.01,    0.00,    0.00,,,,,  230.81,  199.51,    0.00,    0.00,,,,,  853.96,  733.48,    0.00,    0.00, 1587.44,  190.53,  112.88,    0.00,    0.00,,,,,  190.61,  110.59,    0.00,    0.00,,,,,  200.71,  121.76,    0.00,    0.00,,,,,  182.00,  102.91,    0.00,    0.00,,,,,  763.85,  448.14,    0.00,    0.00, 1211.99,    0.46,    0.00,   1617.81,   1181.62,      0.00,      0.00,      4.21,   1617.81,   1181.62,   2799.42
2026-01-14,17:55:27.522,  233.31,  191.45,    0.00,    0.00,,,,,  228.78,  185.03,    0.00,    0.00,,,,,  215.86,  174.48,    0.00,    0.00,,,,,  247.82,  204.44,    0.00,    0.00,,,,,  925.78,  755.41,    0.00,    0.00, 1681.19,  189.68,  107.86,    0.00,    0.00,,,,,  187.25,  103.09,    0.00,    0.00,,,,,  197.62,  114.31,    0.00,    0.00,,,,,  178.11,   94.88,    0.00,    0.00,,,,,  752.65,  420.13,    0.00,    0.00, 1172.79,    0.40,    0.00,   1678.43,   1175.54,      0.00,      0.00,      3.73,   1678.43,   1175.54,   2853.97
2026-01-14,17:55:28.522,  229.77,  198.04,    0.00,    0.00,,,,,  212.38,  180.84,    0.00,    0.00,,,,,  204.60,  174.53,    0.00,    0.00,,,,,  239.81,  207.07,    0.00,    0.00,,,,,  886.56,  760.47,    0.00,    0.00, 1647.03,  183.10,  104.55,    0.00,    0.00,,,,,  184.94,  103.09,    0.00,    0.00,,,,,  194.74,  113.88,    0.00,    0.00,,,,,  172.68,   92.49,    0.00,    0.00,,,,,  735.47,  414.00,    0.00,    0.00, 1149.47,    0.40,    0.00,   1622.03,   1174.47,      0.00,      0.00,      3.88,   1622.03,   1174.47,   2796.50
2026-01-14,17:55:29.523,  234.42,  192.30,    0.00,    0.00,,,,,  219.39,  178.04,    0.00,    0.00,,,,,  210.91,  170.65,    0.00,    0.00,,,,,  244.20,  200.78,    0.00,    0.00,,,,,  908.93,  741.77,    0.00,    0.00, 1650.70,  141.53,   77.47,    0.00,    0.00,,,,,  153.21,   88.23,    0.00,    0.00,,,,,  158.20,   93.81,    0.00,    0.00,,,,,  140.38,   75.03,    0.00,    0.00,,,,,  593.31,  334.55,    0.00,    0.00,  927.86,    0.43,    0.00,   1502.25,   1076.32,      0.00,      0.00,      3.73,   1502.25,   1076.32,   2578.57
2026-01-14,17:55:30.523,   42.99,   21.51,    0.00,    0.00,,,,,   42.23,   20.97,    0.00,    0.00,,,,,   42.17,   20.86,    0.00,    0.00,,,,,   42.95,   21.50,    0.00,    0.00,,,,,  170.34,   84.84,    0.00,    0.00,  255.18,   16.35,   12.97,    0.00,    0.00,,,,,   16.38,   13.06,    0.00,    0.00,,,,,   16.22,   12.88,    0.00,    0.00,,,,,   16.37,   12.99,    0.00,    0.00,,,,,   65.33,   51.90,    0.00,    0.00,  117.22,    0.09,    0.00,    235.66,    136.74,      0.00,      0.00,      1.74,    235.66,    136.74,    372.40
2026-01-14,17:55:31.523,   43.81,   20.84,    0.00,    0.00,,,,,   43.04,   20.27,    0.00,    0.00,,,,,   42.97,   20.15,    0.00,    0.00,,,,,   43.84,   20.83,    0.00,    0.00,,,,,  173.66,   82.09,    0.00,    0.00,  255.75,   16.90,   13.34,    0.00,    0.00,,,,,   16.99,   13.43,    0.00,    0.00,,,,,   16.84,   13.26,    0.00,    0.00,,,,,   16.96,   13.40,    0.00,    0.00,,,,,   67.70,   53.43,    0.00,    0.00,  121.13,    0.10,    0.00,    241.36,    135.52,      0.00,      0.00,      1.90,    241.36,    135.52,    376.88
2026-01-14,17:55:32.523,   34.65,   15.78,    0.00,    0.00,,,,,   33.93,   15.30,    0.00,    0.00,,,,,   33.83,   15.14,    0.00,    0.00,,,,,   34.64,   15.73,    0.00,    0.00,,,,,  137.05,   61.95,    0.00,    0.00,  199.01,   13.89,   12.08,    0.00,    0.00,,,,,   14.00,   12.18,    0.00,    0.00,,,,,   13.89,   12.05,    0.00,    0.00,,,,,   13.97,   12.15,    0.00,    0.00,,,,,   55.75,   48.46,    0.00,    0.00,  104.21,    0.04,    0.00,    192.80,    110.42,      0.00,      0.00,      1.79,    192.80,    110.42,    303.22
2026-01-14,17:55:33.523,   50.72,   24.16,    0.00,    0.00,,,,,   49.82,   23.62,    0.00,    0.00,,,,,   49.76,   23.51,    0.00,    0.00,,,,,   50.68,   24.13,    0.00,    0.00,,,,,  200.97,   95.43,    0.00,    0.00,  296.40,   20.89,   13.68,    0.00,    0.00,,,,,   20.98,   13.80,    0.00,    0.00,,,,,   20.72,   13.53,    0.00,    0.00,,,,,   20.95,   13.79,    0.00,    0.00,,,,,   83.55,   54.80,    0.00,    0.00,  138.35,    0.11,    0.00,    284.52,    150.23,      0.00,      0.00,      2.11,    284.52,    150.23,    434.75
2026-01-14,17:55:34.524,   44.57,   22.01,    0.00,    0.00,,,,,   43.85,   21.42,    0.00,    0.00,,,,,   43.73,   21.32,    0.00,    0.00,,,,,   44.57,   22.04,    0.00,    0.00,,,,,  176.72,   86.79,    0.00,    0.00,  263.52,   14.81,   12.43,    0.00,    0.00,,,,,   14.95,   12.58,    0.00,    0.00,,,,,   14.82,   12.42,    0.00,    0.00,,,,,   14.81,   12.45,    0.00,    0.00,,,,,   59.40,   49.89,    0.00,    0.00,  109.28,    0.06,    0.00,    236.12,    136.68,      0.00,      0.00,      1.82,    236.12,    136.68,    372.80
2026-01-14,17:55:35.524,  307.97,  229.08,    0.00,    0.00,,,,,  293.84,  216.07,    0.00,    0.00,,,,,  285.55,  207.25,    0.00,    0.00,,,,,  308.32,  229.06,    0.00,    0.00,,,,, 1195.69,  881.45,    0.00,    0.00, 2077.14,  147.76,   87.47,    0.00,    0.00,,,,,  147.35,   86.63,    0.00,    0.00,,,,,  150.48,   90.09,    0.00,    0.00,,,,,  141.44,   80.48,    0.00,    0.00,,,,,  587.02,  344.67,    0.00,    0.00,  931.69,   19.64,    0.00,   1782.71,   1226.12,      0.00,      0.00,     38.30,   1782.71,   1226.12,   3008.83
2026-01-14,17:55:36.524,  258.45,  212.44,    0.00,    0.00,,,,,  249.61,  205.19,    0.00,    0.00,,,,,  236.22,  190.85,    0.00,    0.00,,,,,  261.46,  214.93,    0.00,    0.00,,,,, 1005.74,  823.41,    0.00,    0.00, 1829.15,  177.20,  108.22,    0.00,    0.00,,,,,  171.09,  101.22,    0.00,    0.00,,,,,  176.12,  106.52,    0.00,    0.00,,,,,  167.66,   97.85,    0.00,    0.00,,,,,  692.07,  413.81,    0.00,    0.00, 1105.88,    0.39,    0.00,   1697.81,   1237.22,      0.00,      0.00,      3.36,   1697.81,   1237.22,   2935.03
2026-01-14,17:55:37.525,  324.66,  248.51,    0.00,    0.00,,,,,  308.60,  234.38,    0.00,    0.00,,,,,  297.42,  222.62,    0.00,    0.00,,,,,  325.21,  248.20,    0.00,    0.00,,,,, 1255.88,  953.71,    0.00,    0.00, 2209.59,  168.09,  104.06,    0.00,    0.00,,,,,  159.87,   95.07,    0.00,    0.00,,,,,  166.22,  101.63,    0.00,    0.00,,,,,  158.43,   93.18,    0.00,    0.00,,,,,  652.60,  393.93,    0.00,    0.00, 1046.54,    0.24,    0.00,   1908.48,   1347.64,      0.00,      0.00,      2.96,   1908.48,   1347.64,   3256.12
2026-01-14,17:55:38.525,  249.02,  206.75,    0.00,    0.00,,,,,  234.20,  193.40,    0.00,    0.00,,,,,  222.10,  180.80,    0.00,    0.00,,,,,  249.64,  206.52,    0.00,    0.00,,,,,  954.96,  787.47,    0.00,    0.00, 1742.44,  203.52,  121.27,    0.00,    0.00,,,,,  196.85,  113.43,    0.00,    0.00,,,,,  203.31,  120.01,    0.00,    0.00,,,,,  193.48,  109.52,    0.00,    0.00,,,,,  797.16,  464.23,    0.00,    0.00, 1261.39,    0.54,    0.00,   1752.13,   1251.70,      0.00,      0.00,      4.70,   1752.13,   1251.70,   3003.83
2026-01-14,17:55:39.525,  246.86,  205.71,    0.00,    0.00,,,,,  236.30,  195.67,    0.00,    0.00,,,,,  222.42,  181.73,    0.00,    0.00,,,,,  249.05,  206.98,    0.00,    0.00,,,,,  954.63,  790.09,    0.00,    0.00, 1744.72,  180.15,  110.22,    0.00,    0.00,,,,,  180.00,  108.29,    0.00,    0.00,,,,,  184.63,  113.45,    0.00,    0.00,,,,,  171.16,   99.52,    0.00,    0.00,,,,,  715.94,  431.48,    0.00,    0.00, 1147.42,    0.34,    0.00,   1670.57,   1221.57,      0.00,      0.00,      2.62,   1670.57,   1221.57,   2892.14
2026-01-14,17:55:40.527,  246.70,  208.20,    0.00,    0.00,,,,,  231.91,  194.56,    0.00,    0.00,,,,,  219.73,  182.14,    0.00,    0.00,,,,,  248.16,  208.83,    0.00,    0.00,,,,,  946.50,  793.73,    0.00,    0.00, 1740.23,  180.38,  110.98,    0.00,    0.00,,,,,  173.96,  104.20,    0.00,    0.00,,,,,  177.80,  107.95,    0.00,    0.00,,,,,  170.83,  100.97,    0.00,    0.00,,,,,  702.98,  424.10,    0.00,    0.00, 1127.07,    0.27,    0.00,   1649.48,   1217.83,      0.00,      0.00,      2.30,   1649.48,   1217.83,   2867.31
2026-01-14,17:55:41.527,  246.72,  210.40,    0.00,    0.00,,,,,  229.47,  194.55,    0.00,    0.00,,,,,  218.16,  183.00,    0.00,    0.00,,,,,  247.78,  210.66,    0.00,    0.00,,,,,  942.13,  798.60,    0.00,    0.00, 1740.73,  174.47,  107.55,    0.00,    0.00,,,,,  170.51,  101.68,    0.00,    0.00,,,,,  175.77,  107.86,    0.00,    0.00,,,,,  165.37,   96.91,    0.00,    0.00,,,,,  686.12,  413.99,    0.00,    0.00, 1100.12,    0.27,    0.00,   1628.25,   1212.59,      0.00,      0.00,      2.41,   1628.25,   1212.59,   2840.84
2026-01-14,17:55:42.528,  347.37,  207.67,    0.00,    0.00,,,,,  328.27,  190.21,    0.00,    0.00,,,,,  318.59,  179.73,    0.00,    0.00,,,,,  348.72,  208.29,    0.00,    0.00,,,,, 1342.95,  785.91,    0.00,    0.00, 2128.85,  180.09,  107.79,    0.00,    0.00,,,,,  175.78,  102.13,    0.00,    0.00,,,,,  182.93,  109.01,    0.00,    0.00,,,,,  169.86,   96.21,    0.00,    0.00,,,,,  708.67,  415.13,    0.00,    0.00, 1123.80,    0.27,    0.00,   2051.61,   1201.04,      0.00,      0.00,      2.65,   2051.61,   1201.04,   3252.65
2026-01-14,17:55:43.528,  551.73,  214.50,    0.00,    0.00,,,,,  535.62,  199.71,    0.00,    0.00,,,,,  522.67,  186.07,    0.00,    0.00,,,,,  552.30,  214.00,    0.00,    0.00,,,,, 2162.32,  814.28,    0.00,    0.00, 2976.60,  179.39,  110.00,    0.00,    0.00,,,,,  175.88,  104.93,    0.00,    0.00,,,,,  182.01,  111.87,    0.00,    0.00,,,,,  169.04,   98.37,    0.00,    0.00,,,,,  706.33,  425.17,    0.00,    0.00, 1131.49,    0.28,    0.00,   2868.64,   1239.45,      0.00,      0.00,      2.87,   2868.64,   1239.45,   4108.09
2026-01-14,17:55:44.528,  268.46,  214.93,    0.00,    0.00,,,,,  250.07,  198.51,    0.00,    0.00,,,,,  238.95,  186.34,    0.00,    0.00,,,,,  269.25,  214.81,    0.00,    0.00,,,,, 1026.74,  814.59,    0.00,    0.00, 1841.32,  173.60,  107.51,    0.00,    0.00,,,,,  168.98,  101.30,    0.00,    0.00,,,,,  176.00,  108.49,    0.00,    0.00,,,,,  162.79,   94.80,    0.00,    0.00,,,,,  681.38,  412.10,    0.00,    0.00, 1093.48,    0.24,    0.00,   1708.11,   1226.69,      0.00,      0.00,      3.17,   1708.11,   1226.69,   2934.80
2026-01-14,17:55:45.528,   65.21,   42.07,    0.00,    0.00,,,,,   63.47,   40.66,    0.00,    0.00,,,,,   62.52,   39.57,    0.00,    0.00,,,,,   65.33,   42.07,    0.00,    0.00,,,,,  256.53,  164.37,    0.00,    0.00,  420.90,   30.33,   21.58,    0.00,    0.00,,,,,   29.90,   21.18,    0.00,    0.00,,,,,   30.30,   21.51,    0.00,    0.00,,,,,   29.52,   20.72,    0.00,    0.00,,,,,  120.06,   84.99,    0.00,    0.00,  205.04,    9.08,    0.00,    376.59,    249.36,      0.00,      0.00,     36.00,    376.59,    249.36,    625.94
2026-01-14,17:55:46.528,   36.32,   18.95,    0.00,    0.00,,,,,   35.64,   18.47,    0.00,    0.00,,,,,   35.60,   18.38,    0.00,    0.00,,,,,   36.30,   18.93,    0.00,    0.00,,,,,  143.87,   74.74,    0.00,    0.00,  218.60,   17.92,   12.94,    0.00,    0.00,,,,,   17.77,   12.90,    0.00,    0.00,,,,,   17.65,   12.72,    0.00,    0.00,,,,,   17.88,   12.92,    0.00,    0.00,,,,,   71.22,   51.48,    0.00,    0.00,  122.70,    5.78,    0.00,    215.09,    126.22,      0.00,      0.00,      2.76,    215.09,    126.22,    341.30
2026-01-14,17:55:47.528,   39.75,   16.90,    0.00,    0.00,,,,,   39.03,   16.35,    0.00,    0.00,,,,,   38.87,   16.21,    0.00,    0.00,,,,,   39.74,   16.88,    0.00,    0.00,,,,,  157.39,   66.34,    0.00,    0.00,  223.73,   14.87,   12.33,    0.00,    0.00,,,,,   14.83,   12.29,    0.00,    0.00,,,,,   14.68,   12.14,    0.00,    0.00,,,,,   14.96,   12.41,    0.00,    0.00,,,,,   59.34,   49.16,    0.00,    0.00,  108.51,    1.68,    0.00,    216.73,    115.51,      0.00,      0.00,      2.58,    216.73,    115.51,    332.24
2026-01-14,17:55:48.528,   39.07,   18.93,    0.00,    0.00,,,,,   38.23,   18.33,    0.00,    0.00,,,,,   38.12,   18.22,    0.00,    0.00,,,,,   39.06,   18.91,    0.00,    0.00,,,,,  154.48,   74.39,    0.00,    0.00,  228.87,   18.73,   13.34,    0.00,    0.00,,,,,   18.66,   13.32,    0.00,    0.00,,,,,   18.51,   13.15,    0.00,    0.00,,,,,   18.71,   13.36,    0.00,    0.00,,,,,   74.62,   53.18,    0.00,    0.00,  127.80,    2.13,    0.00,    229.10,    127.57,      0.00,      0.00,      1.96,    229.10,    127.57,    356.67
2026-01-14,17:55:49.528,   41.11,   20.81,    0.00,    0.00,,,,,   40.31,   20.20,    0.00,    0.00,,,,,   40.19,   20.09,    0.00,    0.00,,,,,   41.09,   20.78,    0.00,    0.00,,,,,  162.70,   81.88,    0.00,    0.00,  244.59,   17.28,   12.84,    0.00,    0.00,,,,,   17.27,   12.86,    0.00,    0.00,,,,,   17.09,   12.66,    0.00,    0.00,,,,,   17.34,   12.90,    0.00,    0.00,,,,,   68.98,   51.26,    0.00,    0.00,  120.24,    0.49,    0.00,    231.68,    133.15,      0.00,      0.00,      1.86,    231.68,    133.15,    364.83
2026-01-14,17:55:50.528,  250.68,  176.37,    0.00,    0.00,,,,,  240.30,  165.49,    0.00,    0.00,,,,,  234.70,  160.62,    0.00,    0.00,,,,,  252.52,  178.19,    0.00,    0.00,,,,,  978.20,  680.67,    0.00,    0.00, 1658.87,  108.65,   67.27,    0.00,    0.00,,,,,  106.02,   64.03,    0.00,    0.00,,,,,  109.23,   67.66,    0.00,    0.00,,,,,  103.67,   61.87,    0.00,    0.00,,,,,  427.57,  260.83,    0.00,    0.00,  688.41,    0.93,    0.00,   1405.77,    941.50,      0.00,      0.00,      2.67,   1405.77,    941.50,   2347.27
2026-01-14,17:55:51.528,  252.22,  212.59,    0.00,    0.00,,,,,  239.35,  199.73,    0.00,    0.00,,,,,  227.79,  188.99,    0.00,    0.00,,,,,  254.12,  213.99,    0.00,    0.00,,,,,  973.48,  815.30,    0.00,    0.00, 1788.78,  176.05,  106.58,    0.00,    0.00,,,,,  178.57,  108.12,    0.00,    0.00,,,,,  182.04,  112.49,    0.00,    0.00,,,,,  169.84,   99.77,    0.00,    0.00,,,,,  706.50,  426.97,    0.00,    0.00, 1133.46,    0.32,    0.00,   1679.97,   1242.27,      0.00,      0.00,      2.96,   1679.97,   1242.27,   2922.24
2026-01-14,17:55:52.528,  288.14,  228.09,    0.00,    0.00,,,,,  269.77,  209.57,    0.00,    0.00,,,,,  259.12,  200.09,    0.00,    0.00,,,,,  290.77,  229.73,    0.00,    0.00,,,,, 1107.81,  867.48,    0.00,    0.00, 1975.29,  172.74,  104.93,    0.00,    0.00,,,,,  171.16,  101.49,    0.00,    0.00,,,,,  176.60,  107.55,    0.00,    0.00,,,,,  163.68,   94.60,    0.00,    0.00,,,,,  684.17,  408.58,    0.00,    0.00, 1092.76,    0.19,    0.00,   1791.98,   1276.06,      0.00,      0.00,      2.22,   1791.98,   1276.06,   3068.05
2026-01-14,17:55:53.529,  296.74,  215.00,    0.00,    0.00,,,,,  275.61,  194.19,    0.00,    0.00,,,,,  266.30,  185.42,    0.00,    0.00,,,,,  298.26,  215.69,    0.00,    0.00,,,,, 1136.90,  810.31,    0.00,    0.00, 1947.21,  175.10,  105.55,    0.00,    0.00,,,,,  173.83,  102.88,    0.00,    0.00,,,,,  178.88,  108.74,    0.00,    0.00,,,,,  166.39,   95.55,    0.00,    0.00,,,,,  694.20,  412.72,    0.00,    0.00, 1106.92,    0.30,    0.00,   1831.10,   1223.03,      0.00,      0.00,      3.77,   1831.10,   1223.03,   3054.13
2026-01-14,17:55:54.529,  258.74,  218.70,    0.00,    0.00,,,,,  237.57,  198.08,    0.00,    0.00,,,,,  227.22,  188.50,    0.00,    0.00,,,,,  259.85,  218.62,    0.00,    0.00,,,,,  983.38,  823.90,    0.00,    0.00, 1807.28,  164.10,  101.98,    0.00,    0.00,,,,,  161.94,   98.22,    0.00,    0.00,,,,,  168.16,  104.71,    0.00,    0.00,,,,,  155.25,   92.01,    0.00,    0.00,,,,,  649.44,  396.92,    0.00,    0.00, 1046.36,    0.24,    0.00,   1632.82,   1220.81,      0.00,      0.00,      3.20,   1632.82,   1220.81,   2853.64
2026-01-14,17:55:55.529,  244.33,  209.45,    0.00,    0.00,,,,,  226.56,  191.74,    0.00,    0.00,,,,,  216.41,  182.10,    0.00,    0.00,,,,,  245.97,  210.16,    0.00,    0.00,,,,,  933.26,  793.44,    0.00,    0.00, 1726.71,  182.85,  109.19,    0.00,    0.00,,,,,  178.08,  103.28,    0.00,    0.00,,,,,  183.95,  110.14,    0.00,    0.00,,,,,  173.96,   99.40,    0.00,    0.00,,,,,  718.84,  422.00,    0.00,    0.00, 1140.84,   17.63,    0.00,   1652.10,   1215.45,      0.00,      0.00,     34.04,   1652.10,   1215.45,   2867.55
2026-01-14,17:55:56.530,  244.90,  207.93,    0.00,    0.00,,,,,  227.56,  190.51,    0.00,    0.00,,,,,  216.01,  179.62,    0.00,    0.00,,,,,  244.61,  206.99,    0.00,    0.00,,,,,  933.07,  785.06,    0.00,    0.00, 1718.13,  169.89,  106.33,    0.00,    0.00,,,,,  163.11,   97.75,    0.00,    0.00,,,,,  170.36,  105.55,    0.00,    0.00,,,,,  159.19,   93.86,    0.00,    0.00,,,,,  662.55,  403.48,    0.00,    0.00, 1066.03,    2.55,    0.00,   1595.63,   1188.54,      0.00,      0.00,      2.70,   1595.63,   1188.54,   2784.16
2026-01-14,17:55:57.530,  238.48,  202.45,    0.00,    0.00,,,,,  220.62,  184.50,    0.00,    0.00,,,,,  209.27,  173.89,    0.00,    0.00,,,,,  237.29,  200.59,    0.00,    0.00,,,,,  905.67,  761.44,    0.00,    0.00, 1667.11,  171.30,  106.52,    0.00,    0.00,,,,,  165.28,   98.77,    0.00,    0.00,,,,,  171.96,  106.29,    0.00,    0.00,,,,,  162.12,   96.33,    0.00,    0.00,,,,,  670.66,  407.91,    0.00,    0.00, 1078.57,    0.25,    0.00,   1576.32,   1169.35,      0.00,      0.00,      2.42,   1576.32,   1169.35,   2745.68
2026-01-14,17:55:58.531,  257.74,  217.14,    0.00,    0.00,,,,,  239.44,  198.68,    0.00,    0.00,,,,,  227.52,  187.91,    0.00,    0.00,,,,,  256.65,  215.15,    0.00,    0.00,,,,,  981.35,  818.88,    0.00,    0.00, 1800.23,  184.46,  110.06,    0.00,    0.00,,,,,  179.44,  103.58,    0.00,    0.00,,,,,  186.55,  110.92,    0.00,    0.00,,,,,  175.03,   99.84,    0.00,    0.00,,,,,  725.46,  424.39,    0.00,    0.00, 1149.86,    0.28,    0.00,   1706.81,   1243.27,      0.00,      0.00,      2.76,   1706.81,   1243.27,   2950.08
2026-01-14,17:55:59.531,  241.75,  200.51,    0.00,    0.00,,,,,  226.37,  185.06,    0.00,    0.00,,,,,  214.59,  174.39,    0.00,    0.00,,,,,  242.45,  200.33,    0.00,    0.00,,,,,  925.16,  760.30,    0.00,    0.00, 1685.46,  170.87,  106.80,    0.00,    0.00,,,,,  166.29,  100.89,    0.00,    0.00,,,,,  173.35,  108.07,    0.00,    0.00,,,,,  161.46,   96.06,    0.00,    0.00,,,,,  671.97,  411.82,    0.00,    0.00, 1083.79,    0.24,    0.00,   1597.13,   1172.12,      0.00,      0.00,      2.46,   1597.13,   1172.12,   2769.25
2026-01-14,17:56:00.530,  112.16,   84.27,    0.00,    0.00,,,,,  107.79,   79.92,    0.00,    0.00,,,,,  104.03,   76.43,    0.00,    0.00,,,,,  112.67,   84.43,    0.00,    0.00,,,,,  436.65,  325.05,    0.00,    0.00,  761.69,   63.70,   41.32,    0.00,    0.00,,,,,   61.71,   39.06,    0.00,    0.00,,,,,   63.76,   41.11,    0.00,    0.00,,,,,   60.81,   38.08,    0.00,    0.00,,,,,  249.99,  159.56,    0.00,    0.00,  409.55,    0.11,    0.00,    686.63,    484.61,      0.00,      0.00,      2.12,    686.63,    484.61,   1171.24
2026-01-14,17:56:01.531,   52.80,   24.04,    0.00,    0.00,,,,,   52.09,   23.48,    0.00,    0.00,,,,,   52.05,   23.38,    0.00,    0.00,,,,,   52.81,   24.04,    0.00,    0.00,,,,,  209.75,   94.93,    0.00,    0.00,  304.68,   17.92,   13.80,    0.00,    0.00,,,,,   17.90,   13.78,    0.00,    0.00,,,,,   17.71,   13.58,    0.00,    0.00,,,,,   17.90,   13.80,    0.00,    0.00,,,,,   71.43,   54.97,    0.00,    0.00,  126.40,    0.13,    0.00,    281.18,    149.90,      0.00,      0.00,      2.71,    281.18,    149.90,    431.08
2026-01-14,17:56:02.531,   37.11,   18.11,    0.00,    0.00,,,,,   36.34,   17.61,    0.00,    0.00,,,,,   36.26,   17.48,    0.00,    0.00,,,,,   37.07,   18.03,    0.00,    0.00,,,,,  146.78,   71.23,    0.00,    0.00,  218.00,   14.17,   12.32,    0.00,    0.00,,,,,   14.06,   12.22,    0.00,    0.00,,,,,   14.00,   12.11,    0.00,    0.00,,,,,   14.18,   12.35,    0.00,    0.00,,,,,   56.40,   49.00,    0.00,    0.00,  105.40,    0.05,    0.00,    203.18,    120.22,      0.00,      0.00,      2.38,    203.18,    120.22,    323.40
2026-01-14,17:56:03.531,   44.35,   23.13,    0.00,    0.00,,,,,   43.56,   22.51,    0.00,    0.00,,,,,   43.47,   22.38,    0.00,    0.00,,,,,   44.27,   23.06,    0.00,    0.00,,,,,  175.66,   91.08,    0.00,    0.00,  266.74,   20.11,   13.92,    0.00,    0.00,,,,,   19.95,   13.85,    0.00,    0.00,,,,,   19.83,   13.73,    0.00,    0.00,,,,,   20.14,   14.00,    0.00,    0.00,,,,,   80.04,   55.50,    0.00,    0.00,  135.54,    0.11,    0.00,    255.70,    146.58,      0.00,      0.00,      2.74,    255.70,    146.58,    402.27
2026-01-14,17:56:04.532,   38.55,   19.74,    0.00,    0.00,,,,,   37.87,   19.30,    0.00,    0.00,,,,,   37.76,   19.16,    0.00,    0.00,,,,,   38.51,   19.73,    0.00,    0.00,,,,,  152.69,   77.93,    0.00,    0.00,  230.62,   15.36,   12.78,    0.00,    0.00,,,,,   15.34,   12.78,    0.00,    0.00,,,,,   15.25,   12.68,    0.00,    0.00,,,,,   15.34,   12.77,    0.00,    0.00,,,,,   61.28,   51.00,    0.00,    0.00,  112.29,    0.05,    0.00,    213.97,    128.93,      0.00,      0.00,      1.72,    213.97,    128.93,    342.90
2026-01-14,17:56:05.533,  170.81,  119.14,    0.00,    0.00,,,,,  161.33,  109.18,    0.00,    0.00,,,,,  158.14,  106.82,    0.00,    0.00,,,,,  170.16,  117.80,    0.00,    0.00,,,,,  660.44,  452.94,    0.00,    0.00, 1113.38,   78.31,   49.75,    0.00,    0.00,,,,,   74.90,   45.97,    0.00,    0.00,,,,,   77.32,   48.41,    0.00,    0.00,,,,,   74.48,   45.66,    0.00,    0.00,,,,,  305.01,  189.79,    0.00,    0.00,  494.79,   12.08,    0.00,    965.44,    642.73,      0.00,      0.00,     32.96,    965.44,    642.73,   1608.17
2026-01-14,17:56:06.533,  270.76,  223.50,    0.00,    0.00,,,,,  250.16,  200.62,    0.00,    0.00,,,,,  239.88,  192.39,    0.00,    0.00,,,,,  270.38,  220.57,    0.00,    0.00,,,,, 1031.18,  837.08,    0.00,    0.00, 1868.26,  170.84,  103.27,    0.00,    0.00,,,,,  165.95,   96.67,    0.00,    0.00,,,,,  174.87,  105.85,    0.00,    0.00,,,,,  161.56,   92.65,    0.00,    0.00,,,,,  673.22,  398.44,    0.00,    0.00, 1071.66,    7.80,    0.00,   1704.40,   1235.52,      0.00,      0.00,      2.73,   1704.40,   1235.52,   2939.91
2026-01-14,17:56:07.533,  241.26,  205.66,    0.00,    0.00,,,,,  222.92,  186.00,    0.00,    0.00,,,,,  211.54,  176.92,    0.00,    0.00,,,,,  240.10,  202.33,    0.00,    0.00,,,,,  915.82,  770.91,    0.00,    0.00, 1686.73,  167.01,  106.55,    0.00,    0.00,,,,,  164.35,  100.81,    0.00,    0.00,,,,,  171.53,  109.01,    0.00,    0.00,,,,,  157.20,   95.28,    0.00,    0.00,,,,,  660.08,  411.64,    0.00,    0.00, 1071.72,    0.24,    0.00,   1575.90,   1182.54,      0.00,      0.00,      2.38,   1575.90,   1182.54,   2758.45
2026-01-14,17:56:08.534,  266.28,  216.21,    0.00,    0.00,,,,,  245.05,  193.55,    0.00,    0.00,,,,,  234.91,  185.86,    0.00,    0.00,,,,,  263.77,  211.56,    0.00,    0.00,,,,, 1010.01,  807.18,    0.00,    0.00, 1817.18,  197.48,  119.79,    0.00,    0.00,,,,,  194.78,  114.40,    0.00,    0.00,,,,,  200.50,  121.50,    0.00,    0.00,,,,,  188.80,  109.98,    0.00,    0.00,,,,,  781.55,  465.67,    0.00,    0.00, 1247.23,    0.61,    0.00,   1791.56,   1272.85,      0.00,      0.00,      4.11,   1791.56,   1272.85,   3064.41
2026-01-14,17:56:09.534,  247.42,  211.44,    0.00,    0.00,,,,,  226.18,  188.03,    0.00,    0.00,,,,,  217.38,  181.41,    0.00,    0.00,,,,,  245.42,  206.47,    0.00,    0.00,,,,,  936.41,  787.35,    0.00,    0.00, 1723.76,  169.26,  100.64,    0.00,    0.00,,,,,  176.78,  106.54,    0.00,    0.00,,,,,  179.08,  109.22,    0.00,    0.00,,,,,  163.69,   93.52,    0.00,    0.00,,,,,  688.81,  409.92,    0.00,    0.00, 1098.72,    0.29,    0.00,   1625.22,   1197.27,      0.00,      0.00,      3.43,   1625.22,   1197.27,   2822.49
2026-01-14,17:56:10.534,  245.07,  212.34,    0.00,    0.00,,,,,  220.62,  186.81,    0.00,    0.00,,,,,  212.68,  181.53,    0.00,    0.00,,,,,  242.40,  208.00,    0.00,    0.00,,,,,  920.77,  788.69,    0.00,    0.00, 1709.46,  161.71,  100.59,    0.00,    0.00,,,,,  168.19,  104.48,    0.00,    0.00,,,,,  171.50,  108.04,    0.00,    0.00,,,,,  155.66,   92.57,    0.00,    0.00,,,,,  657.06,  405.68,    0.00,    0.00, 1062.74,    0.25,    0.00,   1577.83,   1194.37,      0.00,      0.00,      2.98,   1577.83,   1194.37,   2772.20
2026-01-14,17:56:11.534,  257.72,  214.71,    0.00,    0.00,,,,,  236.32,  192.40,    0.00,    0.00,,,,,  227.23,  185.68,    0.00,    0.00,,,,,  256.28,  211.37,    0.00,    0.00,,,,,  977.55,  804.17,    0.00,    0.00, 1781.72,  168.51,  103.40,    0.00,    0.00,,,,,  166.96,  100.45,    0.00,    0.00,,,,,  172.11,  105.88,    0.00,    0.00,,,,,  160.14,   93.75,    0.00,    0.00,,,,,  667.71,  403.49,    0.00,    0.00, 1071.20,    0.33,    0.00,   1645.27,   1207.66,      0.00,      0.00,      3.31,   1645.27,   1207.66,   2852.93
2026-01-14,17:56:12.534,  241.09,  208.81,    0.00,    0.00,,,,,  220.36,  186.62,    0.00,    0.00,,,,,  210.92,  179.37,    0.00,    0.00,,,,,  240.69,  206.17,    0.00,    0.00,,,,,  913.06,  780.97,    0.00,    0.00, 1694.04,  182.10,  110.35,    0.00,    0.00,,,,,  177.23,  104.49,    0.00,    0.00,,,,,  183.65,  111.05,    0.00,    0.00,,,,,  172.34,  100.00,    0.00,    0.00,,,,,  715.32,  425.89,    0.00,    0.00, 1141.21,    0.32,    0.00,   1628.38,   1206.86,      0.00,      0.00,      3.04,   1628.38,   1206.86,   2835.24
2026-01-14,17:56:13.535,  243.76,  211.77,    0.00,    0.00,,,,,  222.05,  188.33,    0.00,    0.00,,,,,  213.28,  181.70,    0.00,    0.00,,,,,  242.19,  208.37,    0.00,    0.00,,,,,  921.28,  790.17,    0.00,    0.00, 1711.46,  166.16,  102.25,    0.00,    0.00,,,,,  159.06,   94.30,    0.00,    0.00,,,,,  166.12,  101.46,    0.00,    0.00,,,,,  156.98,   91.74,    0.00,    0.00,,,,,  648.31,  389.75,    0.00,    0.00, 1038.06,    0.28,    0.00,   1569.60,   1179.92,      0.00,      0.00,      2.66,   1569.60,   1179.92,   2749.51
2026-01-14,17:56:14.535,  255.74,  220.55,    0.00,    0.00,,,,,  234.33,  197.97,    0.00,    0.00,,,,,  222.40,  187.09,    0.00,    0.00,,,,,  252.55,  215.92,    0.00,    0.00,,,,,  965.03,  821.53,    0.00,    0.00, 1786.57,  160.52,   98.01,    0.00,    0.00,,,,,  156.37,   91.85,    0.00,    0.00,,,,,  161.78,   97.84,    0.00,    0.00,,,,,  151.56,   87.79,    0.00,    0.00,,,,,  630.23,  375.48,    0.00,    0.00, 1005.71,    0.21,    0.00,   1595.26,   1197.02,      0.00,      0.00,      2.45,   1595.26,   1197.02,   2792.28
2026-01-14,17:56:15.536,  157.60,  127.58,    0.00,    0.00,,,,,  146.66,  115.91,    0.00,    0.00,,,,,  141.08,  111.44,    0.00,    0.00,,,,,  155.64,  124.73,    0.00,    0.00,,,,,  600.98,  479.66,    0.00,    0.00, 1080.64,   94.52,   58.63,    0.00,    0.00,,,,,   91.25,   54.81,    0.00,    0.00,,,,,   93.95,   57.73,    0.00,    0.00,,,,,   89.85,   53.58,    0.00,    0.00,,,,,  369.57,  224.74,    0.00,    0.00,  594.31,    0.17,    0.00,    970.54,    704.41,      0.00,      0.00,      2.42,    970.54,    704.41,   1674.95
2026-01-14,17:56:16.536,   37.99,   18.61,    0.00,    0.00,,,,,   37.07,   18.02,    0.00,    0.00,,,,,   37.01,   17.90,    0.00,    0.00,,,,,   37.92,   18.57,    0.00,    0.00,,,,,  150.00,   73.10,    0.00,    0.00,  223.10,   19.60,   15.31,    0.00,    0.00,,,,,   19.35,   15.07,    0.00,    0.00,,,,,   19.29,   14.99,    0.00,    0.00,,,,,   19.67,   15.40,    0.00,    0.00,,,,,   77.92,   60.77,    0.00,    0.00,  138.69,    8.85,    0.00,    227.91,    133.87,      0.00,      0.00,     40.51,    227.91,    133.87,    361.79
2026-01-14,17:56:17.536,   29.59,   16.06,    0.00,    0.00,,,,,   28.81,   15.54,    0.00,    0.00,,,,,   28.68,   15.42,    0.00,    0.00,,,,,   29.54,   16.04,    0.00,    0.00,,,,,  116.62,   63.05,    0.00,    0.00,  179.67,   15.55,   12.42,    0.00,    0.00,,,,,   15.27,   12.18,    0.00,    0.00,,,,,   15.21,   12.10,    0.00,    0.00,,,,,   15.66,   12.53,    0.00,    0.00,,,,,   61.69,   49.22,    0.00,    0.00,  110.91,    3.63,    0.00,    178.31,    112.28,      0.00,      0.00,      2.60,    178.31,    112.28,    290.59
2026-01-14,17:56:18.536,   44.16,   19.37,    0.00,    0.00,,,,,   43.30,   18.83,    0.00,    0.00,,,,,   43.13,   18.66,    0.00,    0.00,,,,,   43.99,   19.27,    0.00,    0.00,,,,,  174.59,   76.13,    0.00,    0.00,  250.72,   18.57,   13.40,    0.00,    0.00,,,,,   18.29,   13.17,    0.00,    0.00,,,,,   18.16,   13.01,    0.00,    0.00,,,,,   18.58,   13.45,    0.00,    0.00,,,,,   73.61,   53.03,    0.00,    0.00,  126.64,    3.75,    0.00,    248.20,    129.16,      0.00,      0.00,      2.67,    248.20,    129.16,    377.36
2026-01-14,17:56:19.536,  223.49,   25.08,    0.00,    0.00,,,,,  222.50,   24.42,    0.00,    0.00,,,,,  222.38,   24.23,    0.00,    0.00,,,,,  223.33,   25.01,    0.00,    0.00,,,,,  891.71,   98.74,    0.00,    0.00,  990.45,   25.35,   14.59,    0.00,    0.00,,,,,   25.33,   14.53,    0.00,    0.00,,,,,   25.07,   14.28,    0.00,    0.00,,,,,   25.39,   14.63,    0.00,    0.00,,,,,  101.13,   58.04,    0.00,    0.00,  159.17,    2.07,    0.00,    992.84,    156.78,      0.00,      0.00,      2.52,    992.84,    156.78,   1149.62
2026-01-14,17:56:20.537,  401.49,   86.79,    0.00,    0.00,,,,,  398.31,   84.05,    0.00,    0.00,,,,,  397.26,   83.01,    0.00,    0.00,,,,,  402.00,   87.47,    0.00,    0.00,,,,, 1599.06,  341.33,    0.00,    0.00, 1940.39,   41.88,   27.09,    0.00,    0.00,,,,,   41.00,   26.17,    0.00,    0.00,,,,,   41.12,   26.38,    0.00,    0.00,,,,,   40.89,   26.11,    0.00,    0.00,,,,,  164.89,  105.76,    0.00,    0.00,  270.64,    1.57,    0.00,   1763.95,    447.09,      0.00,      0.00,      1.78,   1763.95,    447.09,   2211.03
2026-01-14,17:56:21.537,  466.83,  316.75,    0.00,    0.00,,,,,  453.05,  303.98,    0.00,    0.00,,,,,  441.40,  292.91,    0.00,    0.00,,,,,  469.04,  320.49,    0.00,    0.00,,,,, 1830.32, 1234.13,    0.00,    0.00, 3064.45,  161.24,   99.28,    0.00,    0.00,,,,,  156.27,   93.30,    0.00,    0.00,,,,,  161.16,   98.66,    0.00,    0.00,,,,,  153.70,   90.72,    0.00,    0.00,,,,,  632.37,  381.97,    0.00,    0.00, 1014.34,    0.48,    0.00,   2462.69,   1616.09,      0.00,      0.00,      2.66,   2462.69,   1616.09,   4078.78
2026-01-14,17:56:22.538,  243.58,  206.20,    0.00,    0.00,,,,,  229.29,  193.06,    0.00,    0.00,,,,,  217.18,  182.06,    0.00,    0.00,,,,,  245.46,  209.12,    0.00,    0.00,,,,,  935.51,  790.44,    0.00,    0.00, 1725.96,  166.80,  105.08,    0.00,    0.00,,,,,  163.74,  100.05,    0.00,    0.00,,,,,  168.17,  105.26,    0.00,    0.00,,,,,  158.56,   95.79,    0.00,    0.00,,,,,  657.26,  406.18,    0.00,    0.00, 1063.44,    0.19,    0.00,   1592.78,   1196.62,      0.00,      0.00,      2.16,   1592.78,   1196.62,   2789.40
2026-01-14,17:56:23.538,  251.83,  206.97,    0.00,    0.00,,,,,  239.81,  196.61,    0.00,    0.00,,,,,  227.07,  184.75,    0.00,    0.00,,,,,  255.28,  211.46,    0.00,    0.00,,,,,  974.00,  799.79,    0.00,    0.00, 1773.78,  177.56,  108.37,    0.00,    0.00,,,,,  175.63,  104.34,    0.00,    0.00,,,,,  180.75,  110.13,    0.00,    0.00,,,,,  167.63,   97.38,    0.00,    0.00,,,,,  701.56,  420.22,    0.00,    0.00, 1121.78,    0.27,    0.00,   1675.56,   1220.01,      0.00,      0.00,      2.84,   1675.56,   1220.01,   2895.57
2026-01-14,17:56:24.537,  239.66,  204.20,    0.00,    0.00,,,,,  226.53,  192.26,    0.00,    0.00,,,,,  214.26,  181.01,    0.00,    0.00,,,,,  242.15,  207.73,    0.00,    0.00,,,,,  922.59,  785.21,    0.00,    0.00, 1707.80,  168.79,  104.89,    0.00,    0.00,,,,,  165.45,  100.10,    0.00,    0.00,,,,,  171.49,  106.65,    0.00,    0.00,,,,,  158.97,   94.66,    0.00,    0.00,,,,,  664.70,  406.30,    0.00,    0.00, 1071.00,    0.24,    0.00,   1587.30,   1191.50,      0.00,      0.00,      3.12,   1587.30,   1191.50,   2778.80
2026-01-14,17:56:25.538,  249.45,  206.92,    0.00,    0.00,,,,,  232.62,  191.37,    0.00,    0.00,,,,,  220.61,  180.43,    0.00,    0.00,,,,,  251.34,  209.88,    0.00,    0.00,,,,,  954.01,  788.60,    0.00,    0.00, 1742.61,  164.04,  106.15,    0.00,    0.00,,,,,  156.49,   97.41,    0.00,    0.00,,,,,  163.09,  104.48,    0.00,    0.00,,,,,  155.76,   95.96,    0.00,    0.00,,,,,  639.38,  404.00,    0.00,    0.00, 1043.38,    0.29,    0.00,   1593.39,   1192.60,      0.00,      0.00,      3.20,   1593.39,   1192.60,   2785.99
2026-01-14,17:56:26.538,  230.68,  201.38,    0.00,    0.00,,,,,  216.58,  188.76,    0.00,    0.00,,,,,  204.38,  177.28,    0.00,    0.00,,,,,  232.41,  204.21,    0.00,    0.00,,,,,  884.05,  771.64,    0.00,    0.00, 1655.68,  188.77,  111.66,    0.00,    0.00,,,,,  181.49,  104.64,    0.00,    0.00,,,,,  189.03,  111.38,    0.00,    0.00,,,,,  178.26,  100.88,    0.00,    0.00,,,,,  737.55,  428.57,    0.00,    0.00, 1166.13,   19.64,    0.00,   1621.60,   1200.21,      0.00,      0.00,     36.16,   1621.60,   1200.21,   2821.81
2026-01-14,17:56:27.538,  250.76,  213.15,    0.00,    0.00,,,,,  232.61,  196.42,    0.00,    0.00,,,,,  220.71,  185.68,    0.00,    0.00,,,,,  249.82,  213.40,    0.00,    0.00,,,,,  953.89,  808.65,    0.00,    0.00, 1762.54,  168.84,   99.97,    0.00,    0.00,,,,,  175.55,  105.46,    0.00,    0.00,,,,,  178.28,  108.32,    0.00,    0.00,,,,,  163.56,   93.59,    0.00,    0.00,,,,,  686.23,  407.33,    0.00,    0.00, 1093.56,    0.43,    0.00,   1640.12,   1215.98,      0.00,      0.00,      3.31,   1640.12,   1215.98,   2856.10
2026-01-14,17:56:28.538,  238.24,  206.28,    0.00,    0.00,,,,,  222.55,  191.73,    0.00,    0.00,,,,,  209.73,  179.95,    0.00,    0.00,,,,,  238.28,  207.60,    0.00,    0.00,,,,,  908.79,  785.55,    0.00,    0.00, 1694.34,  180.62,  110.58,    0.00,    0.00,,,,,  174.42,  104.16,    0.00,    0.00,,,,,  179.29,  109.03,    0.00,    0.00,,,,,  170.43,   99.36,    0.00,    0.00,,,,,  704.77,  423.14,    0.00,    0.00, 1127.90,    0.24,    0.00,   1613.56,   1208.68,      0.00,      0.00,      2.56,   1613.56,   1208.68,   2822.24
2026-01-14,17:56:29.539,  258.12,  209.37,    0.00,    0.00,,,,,  237.12,  190.15,    0.00,    0.00,,,,,  225.68,  179.61,    0.00,    0.00,,,,,  259.67,  212.36,    0.00,    0.00,,,,,  980.60,  791.49,    0.00,    0.00, 1772.09,  176.17,  107.38,    0.00,    0.00,,,,,  179.52,  109.55,    0.00,    0.00,,,,,  183.99,  114.05,    0.00,    0.00,,,,,  169.08,   99.08,    0.00,    0.00,,,,,  708.76,  430.07,    0.00,    0.00, 1138.83,    0.28,    0.00,   1689.36,   1221.56,      0.00,      0.00,      2.64,   1689.36,   1221.56,   2910.92
2026-01-14,17:56:30.538,  196.22,  167.06,    0.00,    0.00,,,,,  178.76,  151.60,    0.00,    0.00,,,,,  169.88,  142.54,    0.00,    0.00,,,,,  195.64,  167.62,    0.00,    0.00,,,,,  740.51,  628.81,    0.00,    0.00, 1369.32,  122.95,   74.61,    0.00,    0.00,,,,,  124.85,   75.50,    0.00,    0.00,,,,,  127.74,   78.31,    0.00,    0.00,,,,,  117.18,   68.05,    0.00,    0.00,,,,,  492.72,  296.47,    0.00,    0.00,  789.19,    0.16,    0.00,   1233.22,    925.29,      0.00,      0.00,      2.21,   1233.22,    925.29,   2158.51
2026-01-14,17:56:31.539,   55.10,   26.00,    0.00,    0.00,,,,,   54.27,   25.41,    0.00,    0.00,,,,,   54.19,   25.23,    0.00,    0.00,,,,,   55.04,   25.96,    0.00,    0.00,,,,,  218.60,  102.59,    0.00,    0.00,  321.20,   18.16,   13.98,    0.00,    0.00,,,,,   18.34,   14.21,    0.00,    0.00,,,,,   18.13,   13.98,    0.00,    0.00,,,,,   18.24,   14.10,    0.00,    0.00,,,,,   72.87,   56.27,    0.00,    0.00,  129.14,    0.10,    0.00,    291.47,    158.86,      0.00,      0.00,      2.02,    291.47,    158.86,    450.33
2026-01-14,17:56:32.539,   32.92,   16.69,    0.00,    0.00,,,,,   32.25,   16.17,    0.00,    0.00,,,,,   32.10,   16.01,    0.00,    0.00,,,,,   32.91,   16.66,    0.00,    0.00,,,,,  130.18,   65.53,    0.00,    0.00,  195.71,   19.83,   13.68,    0.00,    0.00,,,,,   20.06,   13.89,    0.00,    0.00,,,,,   19.83,   13.65,    0.00,    0.00,,,,,   19.88,   13.76,    0.00,    0.00,,,,,   79.59,   54.98,    0.00,    0.00,  134.56,    0.11,    0.00,    209.76,    120.51,      0.00,      0.00,      1.85,    209.76,    120.51,    330.27
2026-01-14,17:56:33.539,   52.74,   26.32,    0.00,    0.00,,,,,   51.95,   25.77,    0.00,    0.00,,,,,   51.82,   25.63,    0.00,    0.00,,,,,   52.72,   26.31,    0.00,    0.00,,,,,  209.24,  104.03,    0.00,    0.00,  313.27,   20.75,   13.96,    0.00,    0.00,,,,,   20.89,   14.15,    0.00,    0.00,,,,,   20.61,   13.88,    0.00,    0.00,,,,,   20.83,   14.05,    0.00,    0.00,,,,,   83.09,   56.04,    0.00,    0.00,  139.13,    0.09,    0.00,    292.32,    160.07,      0.00,      0.00,      2.83,    292.32,    160.07,    452.40
2026-01-14,17:56:34.539,   30.22,   16.28,    0.00,    0.00,,,,,   29.58,   15.80,    0.00,    0.00,,,,,   29.50,   15.68,    0.00,    0.00,,,,,   30.21,   16.29,    0.00,    0.00,,,,,  119.51,   64.05,    0.00,    0.00,  183.56,   18.19,   13.43,    0.00,    0.00,,,,,   18.30,   13.55,    0.00,    0.00,,,,,   18.09,   13.33,    0.00,    0.00,,,,,   18.18,   13.44,    0.00,    0.00,,,,,   72.77,   53.75,    0.00,    0.00,  126.53,    0.06,    0.00,    192.28,    117.80,      0.00,      0.00,      2.49,    192.28,    117.80,    310.08
2026-01-14,17:56:35.539,   41.17,   20.37,    0.00,    0.00,,,,,   40.51,   19.84,    0.00,    0.00,,,,,   40.40,   19.71,    0.00,    0.00,,,,,   41.07,   20.29,    0.00,    0.00,,,,,  163.15,   80.22,    0.00,    0.00,  243.37,   14.89,   12.75,    0.00,    0.00,,,,,   14.91,   12.80,    0.00,    0.00,,,,,   14.69,   12.61,    0.00,    0.00,,,,,   14.90,   12.76,    0.00,    0.00,,,,,   59.39,   50.91,    0.00,    0.00,  110.30,    0.05,    0.00,    222.54,    131.13,      0.00,      0.00,      2.44,    222.54,    131.13,    353.67
